Workbook

Sheet সারসংক্ষেপ
B1: সাপ্তাহিক বৃক্ষরোপণ কর্মসূচির অগ্রগতি প্রতিবেদন
B2: কৃষি সম্প্রসারণ অধিদপ্তর (DAE), কুড়িগ্রাম জেলা | ৫ বছরে ২৫ কোটি বৃক্ষরোপণ কর্মসূচি
B3: প্রতিবেদন প্রস্তুতের তারিখ: 11 August, 2026 | প্রস্তুতকারী: উপপরিচালকের কার্যালয়, কুড়িগ্রাম
B5: মোট এন্ট্রি সংখ্যা | E5: মোট রোপণকৃত বৃক্ষ | G5: অন্তর্ভুক্ত উপজেলা
B6: =COUNTA(মূল_ডাটা!A2:A947)+COUNTA(১৭_কলাম_প্রতিবেদন!$R$5:$R$1333) -> 2275 | E6: =SUM(মূল_ডাটা!E2:E947)+SUM(১৭_কলাম_প্রতিবেদন!$H$5:$H$1333) -> 15412 | G6: 9
B7: ৯টি উপজেলার মধ্যে
B9: ক. সম্মিলিত উপজেলাভিত্তিক অগ্রগতি (দুই উৎসের একত্রীকরণ)
B10: উপজেলার নাম | C10: মূল_ডাটা এন্ট্রি | D10: মূল_ডাটা গাছ | E10: ১৭-কলাম এন্ট্রি | F10: ১৭-কলাম গাছ | G10: সম্মিলিত এন্ট্রি | H10: সম্মিলিত গাছ
B11: ভূরুঙ্গামারী | C11: =COUNTIF(মূল_ডাটা!$C$2:$C$947,$B11) -> 410 | D11: =SUMIF(মূল_ডাটা!$C$2:$C$947,$B11,মূল_ডাটা!$E$2:$E$947) -> 2050 | E11: =COUNTIF(১৭_কলাম_প্রতিবেদন!$E$5:$E$1333,$B11) -> 412 | F11: =SUMIF(১৭_কলাম_প্রতিবেদন!$E$5:$E$1333,$B11,১৭_কলাম_প্রতিবেদন!$H$5:$H$1333) -> 2438 | G11: =C11+E11 -> 822 | H11: =D11+F11 -> 4488
B12: চর রাজিবপুর | C12: =COUNTIF(মূল_ডাটা!$C$2:$C$947,$B12) -> 223 | D12: =SUMIF(মূল_ডাটা!$C$2:$C$947,$B12,মূল_ডাটা!$E$2:$E$947) -> 1115 | E12: =COUNTIF(১৭_কলাম_প্রতিবেদন!$E$5:$E$1333,$B12) -> 197 | F12: =SUMIF(১৭_কলাম_প্রতিবেদন!$E$5:$E$1333,$B12,১৭_কলাম_প্রতিবেদন!$H$5:$H$1333) -> 1513 | G12: =C12+E12 -> 420 | H12: =D12+F12 -> 2628
B13: ফুলবাড়ী | C13: =COUNTIF(মূল_ডাটা!$C$2:$C$947,$B13) -> 60 | D13: =SUMIF(মূল_ডাটা!$C$2:$C$947,$B13,মূল_ডাটা!$E$2:$E$947) -> 300 | E13: =COUNTIF(১৭_কলাম_প্রতিবেদন!$E$5:$E$1333,$B13) -> 324 | F13: =SUMIF(১৭_কলাম_প্রতিবেদন!$E$5:$E$1333,$B13,১৭_কলাম_প্রতিবেদন!$H$5:$H$1333) -> 1998 | G13: =C13+E13 -> 384 | H13: =D13+F13 -> 2298
B14: উলিপুর | C14: =COUNTIF(মূল_ডাটা!$C$2:$C$947,$B14) -> 0 | D14: =SUMIF(মূল_ডাটা!$C$2:$C$947,$B14,মূল_ডাটা!$E$2:$E$947) -> 0 | E14: =COUNTIF(১৭_কলাম_প্রতিবেদন!$E$5:$E$1333,$B14) -> 176 | F14: =SUMIF(১৭_কলাম_প্রতিবেদন!$E$5:$E$1333,$B14,১৭_কলাম_প্রতিবেদন!$H$5:$H$1333) -> 2123 | G14: =C14+E14 -> 176 | H14: =D14+F14 -> 2123
B15: চিলমারী | C15: =COUNTIF(মূল_ডাটা!$C$2:$C$947,$B15) -> 0 | D15: =SUMIF(মূল_ডাটা!$C$2:$C$947,$B15,মূল_ডাটা!$E$2:$E$947) -> 0 | E15: =COUNTIF(১৭_কলাম_প্রতিবেদন!$E$5:$E$1333,$B15) -> 140 | F15: =SUMIF(১৭_কলাম_প্রতিবেদন!$E$5:$E$1333,$B15,১৭_কলাম_প্রতিবেদন!$H$5:$H$1333) -> 1024 | G15: =C15+E15 -> 140 | H15: =D15+F15 -> 1024
B16: কুড়িগ্রাম সদর | C16: =COUNTIF(মূল_ডাটা!$C$2:$C$947,$B16) -> 110 | D16: =SUMIF(মূল_ডাটা!$C$2:$C$947,$B16,মূল_ডাটা!$E$2:$E$947) -> 150 | E16: =COUNTIF(১৭_কলাম_প্রতিবেদন!$E$5:$E$1333,$B16) -> 16 | F16: =SUMIF(১৭_কলাম_প্রতিবেদন!$E$5:$E$1333,$B16,১৭_কলাম_প্রতিবেদন!$H$5:$H$1333) -> 532 | G16: =C16+E16 -> 126 | H16: =D16+F16 -> 682
B17: রৌমারী | C17: =COUNTIF(মূল_ডাটা!$C$2:$C$947,$B17) -> 72 | D17: =SUMIF(মূল_ডাটা!$C$2:$C$947,$B17,মূল_ডাটা!$E$2:$E$947) -> 360 | E17: =COUNTIF(১৭_কলাম_প্রতিবেদন!$E$5:$E$1333,$B17) -> 50 | F17: =SUMIF(১৭_কলাম_প্রতিবেদন!$E$5:$E$1333,$B17,১৭_কলাম_প্রতিবেদন!$H$5:$H$1333) -> 628 | G17: =C17+E17 -> 122 | H17: =D17+F17 -> 988
B18: নাগেশ্বরী | C18: =COUNTIF(মূল_ডাটা!$C$2:$C$947,$B18) -> 40 | D18: =SUMIF(মূল_ডাটা!$C$2:$C$947,$B18,মূল_ডাটা!$E$2:$E$947) -> 200 | E18: =COUNTIF(১৭_কলাম_প্রতিবেদন!$E$5:$E$1333,$B18) -> 4 | F18: =SUMIF(১৭_কলাম_প্রতিবেদন!$E$5:$E$1333,$B18,১৭_কলাম_প্রতিবেদন!$H$5:$H$1333) -> 398 | G18: =C18+E18 -> 44 | H18: =D18+F18 -> 598
B19: রাজারহাট | C19: =COUNTIF(মূল_ডাটা!$C$2:$C$947,$B19) -> 31 | D19: =SUMIF(মূল_ডাটা!$C$2:$C$947,$B19,মূল_ডাটা!$E$2:$E$947) -> 155 | E19: =COUNTIF(১৭_কলাম_প্রতিবেদন!$E$5:$E$1333,$B19) -> 4 | F19: =SUMIF(১৭_কলাম_প্রতিবেদন!$E$5:$E$1333,$B19,১৭_কলাম_প্রতিবেদন!$H$5:$H$1333) -> 398 | G19: =C19+E19 -> 35 | H19: =D19+F19 -> 553
B20: অন্যান্য (জেলার বাইরে/অজ্ঞাত) | C20: 0 | D20: 0 | E20: =COUNTIF(১৭_কলাম_প্রতিবেদন!$S$5:$S$1333,"*জেলার বাইরের*")+COUNTIF(১৭_কলাম_প্রতিবেদন!$S$5:$S$1333,"*উপজেলা খালি*") -> 6 | F20: =SUMIF(১৭_কলাম_প্রতিবেদন!$S$5:$S$1333,"*জেলার বাইরের*",১৭_কলাম_প্রতিবেদন!$H$5:$H$1333)+SUMIF(১৭_কলাম_প্রতিবেদন!$S$5:$S$1333,"*উপজেলা খালি*",১৭_কলাম_প্রতিবেদন!$H$5:$H$1333) -> 30 | G20: =C20+E20 -> 6 | H20: =D20+F20 -> 30
B21: মোট | C21: =SUM(C11:C20) -> 946 | D21: =SUM(D11:D20) -> 4330 | E21: =SUM(E11:E20) -> 1329 | F21: =SUM(F11:F20) -> 11082 | G21: =SUM(G11:G20) -> 2275 | H21: =SUM(H11:H20) -> 15412
B22: নোট: "মূল_ডাটা" (ministry report, ৯৪৬ এন্ট্রি/৪,৩৩০ গাছ) ও "১৭_কলাম_প্রতিবেদন" (১,৩২৯ এন্ট্রি/১১,০৮২ গাছ) — দুই ভিন্ন উৎসের এন্ট্রি ও গাছ সংখ্যা একত্রে দেখানো হয়েছে।
B40: খ. উৎসভিত্তিক তুলনা (Source Comparison)
B41: তথ্য উৎস (শীট) | C41: এন্ট্রি সংখ্যা | D41: মোট চারা/বৃক্ষ সংখ্যা | E41: বিবরণ
B42: মূল_ডাটা (ministry report) | C42: =COUNTA(মূল_ডাটা!A2:A947) -> 946 | D42: =SUM(মূল_ডাটা!E2:E947) -> 4330 | E42: মিশ্র প্যাকেজ ও একক প্রজাতি — ৯টি উপজেলা (৭টিতে এন্ট্রি)
B43: ১৭_কলাম_প্রতিবেদন (17 column report) | C43: =COUNTA(১৭_কলাম_প্রতিবেদন!$R$5:$R$1333) -> 1329 | D43: =SUM(১৭_কলাম_প্রতিবেদন!$H$5:$H$1333) -> 11082 | E43: ফলদ/ঔষধি/বনজ ক্যাটাগরি — ৯টি উপজেলার সবকটিতেই এন্ট্রি
B44: সম্মিলিত সর্বমোট | C44: =C42+C43 -> 2275 | D44: =D42+D43 -> 15412 | E44: উভয় প্রতিবেদনের সমন্বিত ফলাফল
B45: নোট: ১৭_কলাম_প্রতিবেদনে উলিপুর ও চিলমারী উপজেলাতেও এন্ট্রি রয়েছে, ফলে দুই উৎস একত্রে করলে ৯টি উপজেলাই কভার হয়।
B47: গ. চারা/বৃক্ষের প্রজাতিভিত্তিক বিবরণ (ক্যাটাগরি)
B48: প্রজাতির ক্যাটাগরি | C48: উৎস | D48: এন্ট্রি সংখ্যা | E48: মোট চারা সংখ্যা
B49: মিশ্র প্যাকেজ | C49: মূল_ডাটা | D49: =COUNTIF(মূল_ডাটা!$K$2:$K$947,"মিশ্র প্যাকেজ") -> 846 | E49: =SUMIF(মূল_ডাটা!$K$2:$K$947,"মিশ্র প্যাকেজ",মূল_ডাটা!$E$2:$E$947) -> 4230
B50: একক প্রজাতি এন্ট্রি | C50: মূল_ডাটা | D50: =COUNTIF(মূল_ডাটা!$K$2:$K$947,"একক প্রজাতি") -> 100 | E50: =SUMIF(মূল_ডাটা!$K$2:$K$947,"একক প্রজাতি",মূল_ডাটা!$E$2:$E$947) -> 100
B51: মিশ্র প্যাকেজ | C51: ১৭_কলাম_প্রতিবেদন | D51: =COUNTIF(১৭_কলাম_প্রতিবেদন!$R$5:$R$1333,"মিশ্র প্যাকেজ") -> 610 | E51: =SUMIF(১৭_কলাম_প্রতিবেদন!$R$5:$R$1333,"মিশ্র প্যাকেজ",১৭_কলাম_প্রতিবেদন!$H$5:$H$1333) -> 3058
B52: ফলদ | C52: ১৭_কলাম_প্রতিবেদন | D52: =COUNTIF(১৭_কলাম_প্রতিবেদন!$R$5:$R$1333,"ফলদ") -> 563 | E52: =SUMIF(১৭_কলাম_প্রতিবেদন!$R$5:$R$1333,"ফলদ",১৭_কলাম_প্রতিবেদন!$H$5:$H$1333) -> 7320
B53: ঔষধি | C53: ১৭_কলাম_প্রতিবেদন | D53: =COUNTIF(১৭_কলাম_প্রতিবেদন!$R$5:$R$1333,"ঔষধি") -> 92 | E53: =SUMIF(১৭_কলাম_প্রতিবেদন!$R$5:$R$1333,"ঔষধি",১৭_কলাম_প্রতিবেদন!$H$5:$H$1333) -> 408
B54: বনজ | C54: ১৭_কলাম_প্রতিবেদন | D54: =COUNTIF(১৭_কলাম_প্রতিবেদন!$R$5:$R$1333,"বনজ") -> 62 | E54: =SUMIF(১৭_কলাম_প্রতিবেদন!$R$5:$R$1333,"বনজ",১৭_কলাম_প্রতিবেদন!$H$5:$H$1333) -> 286
B55: অন্যান্য | C55: ১৭_কলাম_প্রতিবেদন | D55: =COUNTIF(১৭_কলাম_প্রতিবেদন!$R$5:$R$1333,"অন্যান্য") -> 2 | E55: =SUMIF(১৭_কলাম_প্রতিবেদন!$R$5:$R$1333,"অন্যান্য",১৭_কলাম_প্রতিবেদন!$H$5:$H$1333) -> 10
B56: মোট | D56: =SUM(D49:D55) -> 2275 | E56: =SUM(E49:E55) -> 15412
B58: ঘ. ডাটা মান যাচাই (১৭_কলাম_প্রতিবেদন)
B59: মানদণ্ড | C59: এন্ট্রি সংখ্যা | D59: সব এন্ট্রির % | E59: মন্তব্য
B60: মোট যাচাইকৃত এন্ট্রি | C60: =COUNTA(১৭_কলাম_প্রতিবেদন!$R$5:$R$1333) -> 1329 | D60: 100% | E60: ১,৩২৯টি এন্ট্রির প্রতিটি যাচাই করা হয়েছে
B61: সিরিয়াল নম্বর অনুপস্থিত | C61: =COUNTIF(১৭_কলাম_প্রতিবেদন!$S$5:$S$1333,"*সিরিয়াল*") -> 18 | D61: =IFERROR(C61/$C$60,0) -> 0.013544018 | E61: উৎস ফাইলে #N/A ছিল
B62: উপজেলা খালি | C62: =COUNTIF(১৭_কলাম_প্রতিবেদন!$S$5:$S$1333,"*উপজেলা খালি*") -> 4 | D62: =IFERROR(C62/$C$60,0) -> 0.0030097818 | E62: উপজেলা লেখা নেই
B63: কুড়িগ্রাম জেলার বাইরের উপজেলা | C63: =COUNTIF(১৭_কলাম_প্রতিবেদন!$S$5:$S$1333,"*জেলার বাইরের*") -> 2 | D63: =IFERROR(C63/$C$60,0) -> 0.0015048909 | E63: বদরগঞ্জ/পাটগ্রাম উপজেলা
B64: জিও-কোঅর্ডিনেট ত্রুটিপূর্ণ | C64: =COUNTIF(১৭_কলাম_প্রতিবেদন!$S$5:$S$1333,"*জিও-কোঅর্ডিনেট*") -> 162 | D64: =IFERROR(C64/$C$60,0) -> 0.12189616 | E64: ভুল/খালি কোঅর্ডিনেট
B65: রোপণের তারিখ খালি | C65: =COUNTIF(১৭_কলাম_প্রতিবেদন!$S$5:$S$1333,"*তারিখ খালি*") -> 664 | D65: =IFERROR(C65/$C$60,0) -> 0.49962378 | E65: তারিখ লেখা নেই
B66: মনিটরিং অফিসার খালি | C66: =COUNTIF(১৭_কলাম_প্রতিবেদন!$S$5:$S$1333,"*মনিটরিং*") -> 171 | D66: =IFERROR(C66/$C$60,0) -> 0.12866817 | E66: মনিটরিং অফিসারের নাম নেই
B67: মোট চিহ্নিত এন্ট্রি | C67: =COUNTIF(১৭_কলাম_প্রতিবেদন!$S$5:$S$1333,"?*") -> 846 | D67: =IFERROR(C67/$C$60,0) -> 0.63656885 | E67: কমপক্ষে একটি সমস্যাসহ এন্ট্রি (একটি এন্ট্রিতে একাধিক সমস্যা থাকতে পারে)
B68: নোট: এন্ট্রিগুলোর মধ্যে ১টি এন্ট্রিতে একাধিক সমস্যা থাকতে পারে, তাই মানদণ্ডগুলোর যোগফল "মোট চিহ্নিত এন্ট্রি" থেকে বেশি হতে পারে। সমস্যাগুলো সংশ্লিষ্ট ইউনিয়ন/উপজেলার এসএএও ও মনিটরিং অফিসারের মাধ্যমে ভেরিফাই করে পরবর্তী প্রতিবেদনে সংশোধন করতে হবে।
B69: উৎস: গুগল শিট "Tree_Plantation_Reporting_Workbook.xlsx" — ministry report (৯৪৬ এন্ট্রি) ও 17_column_report (১,৩২৯ এন্ট্রি)। ইউনিকোড NFC নরমালাইজেশন ও উপজেলার নামের বানান সামঞ্জস্য করা হয়েছে।

Sheet মূল_ডাটা
A1: ক্রঃ নং | B1: বৃক্ষরোপণের স্থান (গ্রাম/ইউনিয়ন/উপজেলা/জেলা) | C1: উপজেলা | D1: প্রজাতির নাম | E1: রোপণকৃত সংখ্যা | F1: জিওগ্রাফিক্যাল কোঅর্ডিনেট | G1: পরিচর্যাকারী কৃষক (নাম ও ফোন) | H1: এসএএও (নাম ও ফোন) | I1: মনিটরিং অফিসার (নাম ও ফোন) | J1: মন্তব্য | K1: প্রজাতি ক্যাটাগরি
A2: 1 | B2: বদরপুর, রাজিবপুর, চর রাজিবপুর, কুড়িগ্রাম। | C2: চর রাজিবপুর | D2: আম, কাঠাল, নিম, জলপাই ও মেহগনি | E2: 5 | F2: 25.46272-89.80184 | G2: মোঃ জাহিদুল ইসলাম ১৯৫৪২৭৮৭৫৮ | H2: মোঃ নজরুল ইসলাম ১৯১৭১৮৬৬৮৫ | I2: দিপক দেব নাথ ১৭৩৮৩৮৫৮১৯ | K2: মিশ্র প্যাকেজ
A3: 2 | B3: বদরপুর, রাজিবপুর, চর রাজিবপুর, কুড়িগ্রাম। | C3: চর রাজিবপুর | D3: আম, কাঠাল, নিম, জলপাই ও মেহগনি | E3: 5 | F3: 25.4597-89.80306 | G3: মোঃ আশরাফুল ইসলাম ০১৯৩৪৯২৯৫৩৩ | H3: মোঃ নজরুল ইসলাম ১৯১৭১৮৬৬৮৫ | I3: দিপক দেব নাথ ১৭৩৮৩৮৫৮১৯ | K3: মিশ্র প্যাকেজ
A4: 3 | B4: বদরপুর, রাজিবপুর, চর রাজিবপুর, কুড়িগ্রাম। | C4: চর রাজিবপুর | D4: আম, কাঠাল, নিম, জলপাই ও মেহগনি | E4: 5 | F4: 25.46249-89.80164 | G4: মোঃ গোলাম মোস্তফা ০১৯৮৯৮৩৫৬৯১ | H4: মোঃ নজরুল ইসলাম ১৯১৭১৮৬৬৮৫ | I4: দিপক দেব নাথ ১৭৩৮৩৮৫৮১৯ | K4: মিশ্র প্যাকেজ
A5: 4 | B5: বদরপুর, রাজিবপুর, চর রাজিবপুর, কুড়িগ্রাম। | C5: চর রাজিবপুর | D5: আম, কাঠাল, নিম, জলপাই ও মেহগনি | E5: 5 | F5: 25.4616-89.8001 | G5: মোঃ ইব্রাহীম মিয়া ০১৯১৯৪৩০০৩১ | H5: মোঃ নজরুল ইসলাম ১৯১৭১৮৬৬৮৫ | I5: দিপক দেব নাথ ১৭৩৮৩৮৫৮১৯ | K5: মিশ্র প্যাকেজ
A6: 5 | B6: বদরপুর, রাজিবপুর, চর রাজিবপুর, কুড়িগ্রাম। | C6: চর রাজিবপুর | D6: আম, কাঠাল, নিম, জলপাই ও মেহগনি | E6: 5 | F6: 25.45859-89.80315 | G6: মোঃ হাবিবুর রহমান ০১৯৩৪৯২৮৭০৮ | H6: মোঃ নজরুল ইসলাম ১৯১৭১৮৬৬৮৫ | I6: দিপক দেব নাথ ১৭৩৮৩৮৫৮১৯ | K6: মিশ্র প্যাকেজ
A7: 6 | B7: বদরপুর, রাজিবপুর, চর রাজিবপুর, কুড়িগ্রাম। | C7: চর রাজিবপুর | D7: আম, কাঠাল, নিম, জলপাই ও মেহগনি | E7: 5 | F7: 25.46175-89.80015 | G7: মোঃ ইয়াছিন আলী ০১৭২৬৭৬০১৪৪ | H7: মোঃ নজরুল ইসলাম ১৯১৭১৮৬৬৮৫ | I7: দিপক দেব নাথ ১৭৩৮৩৮৫৮১৯ | K7: মিশ্র প্যাকেজ
A8: 7 | B8: বদরপুর, রাজিবপুর, চর রাজিবপুর, কুড়িগ্রাম। | C8: চর রাজিবপুর | D8: আম, কাঠাল, নিম, জলপাই ও মেহগনি | E8: 5 | F8: 25.4626-89.8012 | G8: মোঃ শাহাদত হোসেন ০১৯১৯৪৩০০৩১ | H8: মোঃ নজরুল ইসলাম ১৯১৭১৮৬৬৮৫ | I8: দিপক দেব নাথ ১৭৩৮৩৮৫৮১৯ | K8: মিশ্র প্যাকেজ
A9: 8 | B9: বদরপুর, রাজিবপুর, চর রাজিবপুর, কুড়িগ্রাম। | C9: চর রাজিবপুর | D9: আম, কাঠাল, নিম, জলপাই ও মেহগনি | E9: 5 | F9: 25.44285-89.78961 | G9: মোঃ আঃ ছাত্তার ০১৬১৪৯৮৬৬০৬ | H9: মোঃ নজরুল ইসলাম ১৯১৭১৮৬৬৮৫ | I9: দিপক দেব নাথ ১৭৩৮৩৮৫৮১৯ | K9: মিশ্র প্যাকেজ
A10: 9 | B10: বদরপুর, রাজিবপুর, চর রাজিবপুর, কুড়িগ্রাম। | C10: চর রাজিবপুর | D10: আম, কাঠাল, নিম, জলপাই ও মেহগনি | E10: 5 | F10: 25.46239-89.80166 | G10: মোঃ সিরাজুল ইসলাম ০১৯৩০৩৯০৪৪২ | H10: মোঃ নজরুল ইসলাম ১৯১৭১৮৬৬৮৫ | I10: দিপক দেব নাথ ১৭৩৮৩৮৫৮১৯ | K10: মিশ্র প্যাকেজ
A11: 10 | B11: বদরপুর, রাজিবপুর, চর রাজিবপুর, কুড়িগ্রাম। | C11: চর রাজিবপুর | D11: আম, কাঠাল, নিম, জলপাই ও মেহগনি | E11: 5 | F11: 25.46215-89.80161 | G11: মোঃ ছয়নুদ্দিন ০১৯৪৩০৭১৯২২ | H11: মোঃ নজরুল ইসলাম ১৯১৭১৮৬৬৮৫ | I11: দিপক দেব নাথ ১৭৩৮৩৮৫৮১৯ | K11: মিশ্র প্যাকেজ
A12: 11 | B12: করাতিপাড়া, রাজিবপুর, চর রাজিবপুর, কুড়িগ্রাম। | C12: চর রাজিবপুর | D12: আম, কাঠাল, নিম, জলপাই ও মেহগনি | E12: 5 | F12: 25.44121-89.78539 | G12: মোছাঃ সুলতানা পারভীন ০১৯৮৯৩৩৯৫৭৬ | H12: মোঃ নজরুল ইসলাম ১৯১৭১৮৬৬৮৫ | I12: দিপক দেব নাথ ১৭৩৮৩৮৫৮১৯ | K12: মিশ্র প্যাকেজ
A13: 12 | B13: আজগড় দেওয়ানীপাড়া, রাজিবপুর, চর রাজিবপুর, কুড়িগ্রাম। | C13: চর রাজিবপুর | D13: আম, কাঠাল, নিম, জলপাই ও মেহগনি | E13: 5 | F13: 25.44401-89.78675 | G13: মোঃ ছরোয়ার হোসেন ০১৯০৩১২৪৮৮১ | H13: মোঃ নজরুল ইসলাম ১৯১৭১৮৬৬৮৫ | I13: দিপক দেব নাথ ১৭৩৮৩৮৫৮১৯ | K13: মিশ্র প্যাকেজ
... A389: 388 | B389: গ্রামঃপশ্চিম দেবত্তর ইউনিয়নঃ ঘড়িয়ালডাঙ্গা , উপজেলাঃ রাজারহাট, জেলাঃ কুড়িগ্রাম। | C389: রাজারহাট | D389: আম (আমরুপালী), কাঠাল, নিম, জলপাই (হাইব্রীড) ও মেহগনি | E389: 5 | F389: 25.804018, 89.489072 | G389: কষ্ণ কমল, ০১৭৫৫১০৩০৭৫ | H389: রামকৃষ্ণ রায়, ০১৭১৭৬৭৭৫২৩ | I389: হৈমন্তী রানী, ০১৭৪৫৫০৬৫২২ | K389: মিশ্র প্যাকেজ
A390: 389 | B390: ব্যাপারী টারি , কেদার, নাগেশ্বরী, কুড়িগ্রাম | C390: নাগেশ্বরী | D390: আম, জাম, কাঁঠাল, মেহগনি, নিম | E390: 5 | F390: 26.035136,89.779144 | G390: আফজাল হোসেন, 1728826489 | H390: খন্দকার মোশারফ হোসেন, 1718878257 | J390: 15.07.26 | K390: মিশ্র প্যাকেজ
A391: 390 | B391: ব্যাপারী টারি , কেদার, নাগেশ্বরী, কুড়িগ্রাম | C391: নাগেশ্বরী | D391: আম, জাম, কাঁঠাল, মেহগনি, নিম | E391: 5 | F391: 26.035071,89.777057 | G391: বেলাল হোসেন, 1717030972 | H391: খন্দকার মোশারফ হোসেন, 1718878257 | J391: 15.07.26 | K391: মিশ্র প্যাকেজ
A392: 391 | B392: ঢলুয়াবাড়ি , কেদার, নাগেশ্বরী, কুড়িগ্রাম | C392: নাগেশ্বরী | D392: আম, জাম, কাঁঠাল, মেহগনি, নিম | E392: 5 | F392: 26.034747,89778279 | G392: রোকসানা বেগম, | H392: খন্দকার মোশারফ হোসেন, 1718878257 | J392: 15.07.26 | K392: মিশ্র প্যাকেজ
A393: 392 | B393: ব্যাপারী টারি, কেদার, নাগেশ্বরী, কুড়িগ্রাম | C393: নাগেশ্বরী | D393: আম, জাম, কাঁঠাল, মেহগনি, নিম | E393: 5 | F393: 26.034062,89.777857 | G393: রিয়াজুল ইসলাম, 1765262331 | H393: খন্দকার মোশারফ হোসেন, 1718878257 | J393: 15.07.26 | K393: মিশ্র প্যাকেজ
A394: 393 | B394: ব্যাপারী টারি, কেদার, নাগেশ্বরী, কুড়িগ্রাম | C394: নাগেশ্বরী | D394: আম, জাম, কাঁঠাল, মেহগনি, নিম | E394: 5 | F394: 26.033880,89.778226 | G394: সিরাজুল ইসলাম, 1723881600 | H394: খন্দকার মোশারফ হোসেন, 1718878257 | J394: 15.07.26 | K394: মিশ্র প্যাকেজ
A395: 394 | B395: বাহের কেদার , কেদার, নাগেশ্বরী, কুড়িগ্রাম | C395: নাগেশ্বরী | D395: আম, জাম, কাঁঠাল, মেহগনি, নিম | E395: 5 | F395: 26.037311,89.775876 | G395: দুলাল হোসেন, 1722699557 | H395: খন্দকার মোশারফ হোসেন, 1718878257 | J395: 15.07.26 | K395: মিশ্র প্যাকেজ
A396: 395 | B396: বাহের কেদার , কেদার, নাগেশ্বরী, কুড়িগ্রাম | C396: নাগেশ্বরী | D396: আম, জাম, কাঁঠাল, মেহগনি, নিম | E396: 5 | F396: 26.034948,89.777754 | G396: সিরাজুল ইসলাম, 1750848760 | H396: খন্দকার মোশারফ হোসেন, 1718878257 | J396: 15.07.26 | K396: মিশ্র প্যাকেজ
A397: 396 | B397: ঢলুয়াবাড়ি , কেদার, নাগেশ্বরী, কুড়িগ্রাম | C397: নাগেশ্বরী | D397: আম, জাম, কাঁঠাল, মেহগনি, নিম | E397: 5 | F397: 26.044875,89.774223 | G397: রফিকুল ইসলাম, 1740280429 | H397: খন্দকার মোশারফ হোসেন, 1718878257 | J397: 15.07.26 | K397: মিশ্র প্যাকেজ
A398: 397 | B398: কাইম টেপার কুটি , কেদার, নাগেশ্বরী, কুড়িগ্রাম | C398: নাগেশ্বরী | D398: আম, জাম, কাঁঠাল, মেহগনি, নিম | E398: 5 | F398: 26.033587,89.777578 | G398: জাহাঙ্গীর আলম, 1775818745 | H398: মো: আবু তারেক, 01737456407 | J398: 15.07.26 | K398: মিশ্র প্যাকেজ
A399: 398 | B399: ঢলুয়াবাড়ি , কেদার, নাগেশ্বরী, কুড়িগ্রাম | C399: নাগেশ্বরী | D399: আম, জাম, কাঁঠাল, মেহগনি, নিম | E399: 5 | F399: 26.047296,89.760559 | G399: নুর হক, 1763160528 | H399: খন্দকার মোশারফ হোসেন, 1718878257 | J399: 15.07.26 | K399: মিশ্র প্যাকেজ
A400: 399 | B400: ঢলুয়াবাড়ি , কেদার, নাগেশ্বরী, কুড়িগ্রাম | C400: নাগেশ্বরী | D400: আম, জাম, কাঁঠাল, মেহগনি, নিম | E400: 5 | F400: 26.034088,89.777402 | G400: ফরিদুল ইসলাম, 1763269319 | H400: খন্দকার মোশারফ হোসেন, 1718878257 | J400: 15.07.26 | K400: মিশ্র প্যাকেজ
A401: 400 | B401: ঢলুয়াবাড়ি , কেদার, নাগেশ্বরী, কুড়িগ্রাম | C401: নাগেশ্বরী | D401: আম, জাম, কাঁঠাল, মেহগনি, নিম | E401: 5 | F401: 26.047088,89.760358 | G401: আব্দুর রশিদ, 1776937129 | H401: খন্দকার মোশারফ হোসেন, 1718878257 | J401: 15.07.26 | K401: মিশ্র প্যাকেজ
... A419: 418 | B419: ঢলুয়াবাড়ি , কেদার, নাগেশ্বরী, কুড়িগ্রাম | C419: নাগেশ্বরী | D419: আম, জাম, কাঁঠাল, মেহগনি, নিম | E419: 5 | F419: 26.029895,89.804720 | G419: আজিবর রহমান, 1313336971 | H419: খন্দকার মোশারফ হোসেন, 1718878257 | J419: 15.07.26 | K419: মিশ্র প্যাকেজ
A420: 419 | B420: ঘোগারকুটি, বড়ভিটা, বড়ভিটা, ফুলবাড়ী | C420: ফুলবাড়ী | D420: আম, কাঠাল, জাম, নিম, মেহগনি | E420: 5 | F420: 25.915910, 89.574561 | G420: সবুজ মিয়া, 01739377334 | H420: উদয় কৃষ্ণ রায় | I420: মোঃ আব্দুল্লাহ আল মামুন, 01710474405 | K420: মিশ্র প্যাকেজ
A421: 420 | B421: ঘোগারকুটি, বড়ভিটা, বড়ভিটা | C421: ফুলবাড়ী | D421: আম, কাঠাল, জাম, নিম, মেহগনি | E421: 5 | F421: 25.916715, 89.569462 | G421: হারুন অর রশিদ, 01744399668 | H421: উদয় কৃষ্ণ রায় | I421: মোঃ আব্দুল্লাহ আল মামুন, ০১৭১০৪৭৪৪০৬ | K421: মিশ্র প্যাকেজ
A422: 421 | B422: পাতারুটারী, বড়ভিটা, বড়ভিটা | C422: ফুলবাড়ী | D422: আম, কাঠাল, জাম, নিম, মেহগনি | E422: 5 | F422: 25.907532, 89.572085 | G422: মকছেদুল হক, 01794806824 | H422: উদয় কৃষ্ণ রায় | I422: মোঃ আব্দুল্লাহ আল মামুন, ০১৭১০৪৭৪৪০৭ | K422: মিশ্র প্যাকেজ
A423: 422 | B423: ঘোগারকুটি, বড়ভিটা, বড়ভিটা | C423: ফুলবাড়ী | D423: আম, কাঠাল, জাম, নিম, মেহগনি | E423: 5 | F423: 25.914172, 89.570327 | G423: সাধনা রানী, 01737170745 | H423: উদয় কৃষ্ণ রায় | I423: মোঃ আব্দুল্লাহ আল মামুন, ০১৭১০৪৭৪৪০৮ | K423: মিশ্র প্যাকেজ
A424: 423 | B424: ঘোগারকুটি, বড়ভিটা, বড়ভিটা | C424: ফুলবাড়ী | D424: আম, কাঠাল, জাম, নিম, মেহগনি | E424: 5 | F424: 25.907676, 89.572093 | G424: শেফালী বেগম, 01761072837 | H424: উদয় কৃষ্ণ রায় | I424: মোঃ আব্দুল্লাহ আল মামুন, ০১৭১০৪৭৪৪০৯ | K424: মিশ্র প্যাকেজ
A425: 424 | B425: ঘোগারকুটি, বড়ভিটা, বড়ভিটা | C425: ফুলবাড়ী | D425: আম, কাঠাল, জাম, নিম, মেহগনি | E425: 5 | F425: 25.918662, 89.569796 | G425: রবিউল ইসলাম, 01734197848 | H425: উদয় কৃষ্ণ রায় | I425: মোঃ আব্দুল্লাহ আল মামুন, ০১৭১০৪৭৪৪১০ | K425: মিশ্র প্যাকেজ
A426: 425 | B426: নওদাবশ, বড়ভিটা, বড়ভিটা | C426: ফুলবাড়ী | D426: আম, কাঠাল, জাম, নিম, মেহগনি | E426: 5 | F426: 25.917379, 89.51731 | G426: লিটন চন্দ্র, 01788279002 | H426: উদয় কৃষ্ণ রায় | I426: মোঃ আব্দুল্লাহ আল মামুন, ০১৭১০৪৭৪৪১১ | K426: মিশ্র প্যাকেজ
A427: 426 | B427: নওদাবশ, বড়ভিটা, বড়ভিটা | C427: ফুলবাড়ী | D427: আম, কাঠাল, জাম, নিম, মেহগনি | E427: 5 | F427: 25.918513, 89.594006 | G427: মমিনুল ইসলাম, 01733462455 | H427: উদয় কৃষ্ণ রায় | I427: মোঃ আব্দুল্লাহ আল মামুন, ০১৭১০৪৭৪৪১২ | K427: মিশ্র প্যাকেজ
A428: 427 | B428: নওদাবশ, বড়ভিটা, বড়ভিটা | C428: ফুলবাড়ী | D428: আম, কাঠাল, জাম, নিম, মেহগনি | E428: 5 | F428: 25.916527, 89.590755 | G428: পলাশ কুমার, 01750549630 | H428: উদয় কৃষ্ণ রায় | I428: মোঃ আব্দুল্লাহ আল মামুন, ০১৭১০৪৭৪৪১৩ | K428: মিশ্র প্যাকেজ
A429: 428 | B429: নওদাবশ, বড়ভিটা, বড়ভিটা | C429: ফুলবাড়ী | D429: আম, কাঠাল, জাম, নিম, মেহগনি | E429: 5 | F429: 25.921551, 89.587194 | G429: অঞ্জনা, 01737803051 | H429: উদয় কৃষ্ণ রায় | I429: মোঃ আব্দুল্লাহ আল মামুন, ০১৭১০৪৭৪৪১৪ | K429: মিশ্র প্যাকেজ
A430: 429 | B430: নওদাবশ, বড়ভিটা, বড়ভিটা | C430: ফুলবাড়ী | D430: আম, কাঠাল, জাম, নিম, মেহগনি | E430: 5 | F430: 25.916759, 89.592764 | G430: মেরিনা বেগম, 01750066531 | H430: উদয় কৃষ্ণ রায় | I430: মোঃ আব্দুল্লাহ আল মামুন, ০১৭১০৪৭৪৪১৫ | K430: মিশ্র প্যাকেজ
A431: 430 | B431: বড়ভিটা, বড়ভিটা, বড়ভিটা | C431: ফুলবাড়ী | D431: আম, কাঠাল, জাম, নিম, মেহগনি | E431: 5 | F431: 25.903954, 89.581964 | G431: ওহাব আলী, 01752101216 | H431: উদয় কৃষ্ণ রায় | I431: মোঃ আব্দুল্লাহ আল মামুন, ০১৭১০৪৭৪৪১৬ | K431: মিশ্র প্যাকেজ
... A571: 570 | B571: গ্রাম : শিলখুড়ি ইউনিয়ন : শিলখুড়ি উপজেলা: ভূরুঙ্গামারী জেলা : কুড়িগ্রাম | C571: ভূরুঙ্গামারী | D571: আম (আমরুপালী), কাঠাল, নিম, জলপাই (হাইব্রীড) ও মেহগনি | E571: 5 | F571: 26.206821,89.660142 | G571: জাহিদুল ০১৭৯১৩৩৫১৯৯ | H571: মোঃ সাদ্দাম হোসেন, ০১৭৩৮১৫৫১৭৮ | I571: মোঃ আব্দুল জব্বার ০১৭২২৬৮৩২৯১ | K571: মিশ্র প্যাকেজ
A572: 571 | B572: গ্রাম : উঃ ধলডাঙ্গা ইউনিয়ন :শিলখুড়ি উপজেলা: ভূরুঙ্গামারী জেলা : কুড়িগ্রাম | C572: ভূরুঙ্গামারী | D572: আম (আমরুপালী), কাঠাল, নিম, জলপাই (হাইব্রীড) ও মেহগনি | E572: 5 | G572: আবদুস সালাম ০১৭১৮৬১৫০৫৪ | H572: মোঃ সাদ্দাম হোসেন, ০১৭৩৮১৫৫১৭৮ | I572: মোঃ আব্দুল জব্বার ০১৭২২৬৮৩২৯১ | K572: মিশ্র প্যাকেজ
A573: 572 | B573: গ্রাম :দঃ ছাটগোপালপুর ইউনিয়ন :তিলাই উপজেলা: ভূরুঙ্গামারী জেলা : কুড়িগ্রাম | C573: ভূরুঙ্গামারী | D573: আম (আমরুপালী), কাঠাল, নিম, জলপাই (হাইব্রীড) ও মেহগনি | E573: 5 | F573: ২৬.১৪৫৪৫৩,৮৯.৬৭০৩১১ | G573: আমজাদ ০১৭৩৭৫৯২৫৮ | H573: মোঃ জাহাঙ্গীর আলম, ০১৭৮০৫৩৮২৮৪ | I573: মোঃ আব্দুল জব্বার ০১৭২২৬৮৩২৯১ | K573: মিশ্র প্যাকেজ
A574: 573 | B574: গ্রাম : দঃ ছাটগোপালপুর ইউনিয়ন : তিলাই উপজেলা: ভূরুঙ্গামারী জেলা : কুড়িগ্রাম | C574: ভূরুঙ্গামারী | D574: আম (আমরুপালী), কাঠাল, নিম, জলপাই (হাইব্রীড) ও মেহগনি | E574: 5 | G574: রোজিনা ০১৭৭৪৩৮৭৩৯৬ | H574: মোঃ জাহাঙ্গীর আলম, ০১৭৮০৫৩৮২৮৪ | I574: মোঃ আব্দুল জব্বার ০১৭২২৬৮৩২৯১ | K574: মিশ্র প্যাকেজ
A575: 574 | B575: গ্রাম : দঃ ছাটগোপালপুর ইউনিয়ন : তিলাই উপজেলা: ভূরুঙ্গামারী জেলা : কুড়িগ্রাম | C575: ভূরুঙ্গামারী | D575: আম (আমরুপালী), কাঠাল, নিম, জলপাই (হাইব্রীড) ও মেহগনি | E575: 5 | G575: আশরাফুল ০১৭১৭০১৪৯৯৬ | H575: মোঃ জাহাঙ্গীর আলম, ০১৭৮০৫৩৮২৮৪ | I575: মোঃ আব্দুল জব্বার ০১৭২২৬৮৩২৯১ | K575: মিশ্র প্যাকেজ
A576: 575 | B576: গ্রাম : দঃ ছাটগোপালপুর ইউনিয়ন : তিলাই উপজেলা: ভূরুঙ্গামারী জেলা : কুড়িগ্রাম | C576: ভূরুঙ্গামারী | D576: আম (আমরুপালী), কাঠাল, নিম, জলপাই (হাইব্রীড) ও মেহগনি | E576: 5 | F576: ২৬,১৪৫৩৯৬,৮৯.৬৬৩৮৯৬ | G576: গোলাম মোস্তফা ০১৭৬৭১১৯৩১৯ | H576: মোঃ জাহাঙ্গীর আলম, ০১৭৮০৫৩৮২৮৪ | I576: মোঃ আব্দুল জব্বার ০১৭২২৬৮৩২৯১ | K576: মিশ্র প্যাকেজ
A577: 576 | B577: গ্রাম : দঃ ছাটগোপালপুর ইউনিয়ন : তিলাই উপজেলা: ভূরুঙ্গামারী জেলা : কুড়িগ্রাম | C577: ভূরুঙ্গামারী | D577: আম (আমরুপালী), কাঠাল, নিম, জলপাই (হাইব্রীড) ও মেহগনি | E577: 5 | G577: শহিদুল ০১৭৬২৫২৬৫৫৯ | H577: মোঃ জাহাঙ্গীর আলম, ০১৭৮০৫৩৮২৮৪ | I577: মোঃ আব্দুল জব্বার ০১৭২২৬৮৩২৯১ | K577: মিশ্র প্যাকেজ
A578: 577 | B578: গ্রাম : দঃ ছাটগোপালপুর ইউনিয়ন : তিলাই উপজেলা: ভূরুঙ্গামারী জেলা : কুড়িগ্রাম | C578: ভূরুঙ্গামারী | D578: আম (আমরুপালী), কাঠাল, নিম, জলপাই (হাইব্রীড) ও মেহগনি | E578: 5 | F578: ২৬.১৪৭২৭৩,৮৯.৬৭৫৩৫ | G578: সেলিনা খাতুন | H578: মোঃ জাহাঙ্গীর আলম, ০১৭৮০৫৩৮২৮৪ | I578: মোঃ আব্দুল জব্বার ০১৭২২৬৮৩২৯১ | K578: মিশ্র প্যাকেজ
A579: 578 | B579: গ্রাম : দঃ ছাটগোপালপুর ইউনিয়ন : তিলাই উপজেলা: ভূরুঙ্গামারী জেলা : কুড়িগ্রাম | C579: ভূরুঙ্গামারী | D579: আম (আমরুপালী), কাঠাল, নিম, জলপাই (হাইব্রীড) ও মেহগনি | E579: 5 | G579: গোলাম মোস্তফা ০১৭৬৭৩৩২৪০৬ | H579: মোঃ জাহাঙ্গীর আলম, ০১৭৮০৫৩৮২৮৪ | I579: মোঃ আব্দুল জব্বার ০১৭২২৬৮৩২৯১ | K579: মিশ্র প্যাকেজ
A580: 579 | B580: গ্রাম : দঃ ছাটগোপালপুর ইউনিয়ন : তিলাই উপজেলা: ভূরুঙ্গামারী জেলা : কুড়িগ্রাম | C580: ভূরুঙ্গামারী | D580: আম (আমরুপালী), কাঠাল, নিম, জলপাই (হাইব্রীড) ও মেহগনি | E580: 5 | G580: আছর ০১৭৩৬০৬৪৯৮১ | H580: মোঃ জাহাঙ্গীর আলম, ০১৭৮০৫৩৮২৮৪ | I580: মোঃ আব্দুল জব্বার ০১৭২২৬৮৩২৯১ | K580: মিশ্র প্যাকেজ
A581: 580 | B581: গ্রাম : দঃ ছাটগোপালপুর ইউনিয়ন : তিলাই উপজেলা: ভূরুঙ্গামারী জেলা : কুড়িগ্রাম | C581: ভূরুঙ্গামারী | D581: আম (আমরুপালী), কাঠাল, নিম, জলপাই (হাইব্রীড) ও মেহগনি | E581: 5 | F581: ২৬.১৪৭১৪৬,৮৯.৬৬৪০৫১ | G581: খোকন ০১৭৩৮৪৩৪৩৪৫ | H581: মোঃ জাহাঙ্গীর আলম, ০১৭৮০৫৩৮২৮৪ | I581: মোঃ আব্দুল জব্বার ০১৭২২৬৮৩২৯১ | K581: মিশ্র প্যাকেজ
A582: 581 | B582: গ্রাম : দঃ ছাটগোপালপুর ইউনিয়ন : তিলাই উপজেলা: ভূরুঙ্গামারী জেলা : কুড়িগ্রাম | C582: ভূরুঙ্গামারী | D582: আম (আমরুপালী), কাঠাল, নিম, জলপাই (হাইব্রীড) ও মেহগনি | E582: 5 | F582: ২৬.১৪৪৫৯০,৮৯.৬৬৩০৯১ | G582: হাজেরা ০১৩৩৩৮৬৮৩৩১ | H582: মোঃ জাহাঙ্গীর আলম, ০১৭৮০৫৩৮২৮৪ | I582: মোঃ আব্দুল জব্বার ০১৭২২৬৮৩২৯১ | K582: মিশ্র প্যাকেজ
A583: 582 | B583: গ্রাম : দঃ ছাটগোপালপুর ইউনিয়ন : তিলাই উপজেলা: ভূরুঙ্গামারী জেলা : কুড়িগ্রাম | C583: ভূরুঙ্গামারী | D583: আম (আমরুপালী), কাঠাল, নিম, জলপাই (হাইব্রীড) ও মেহগনি | E583: 5 | F583: ২৬.১৪৭৮২৯,৮৯.৬৭২৮৬৬ | G583: রফিকুল ০১৭০৯০৫৩৮০২ | H583: মোঃ জাহাঙ্গীর আলম, ০১৭৮০৫৩৮২৮৪ | I583: মোঃ আব্দুল জব্বার ০১৭২২৬৮৩২৯১ | K583: মিশ্র প্যাকেজ
A584: 583 | B584: গ্রাম : দঃ ছাটগোপালপুর ইউনিয়ন : তিলাই উপজেলা: ভূরুঙ্গামারী জেলা : কুড়িগ্রাম | C584: ভূরুঙ্গামারী | D584: আম (আমরুপালী), কাঠাল, নিম, জলপাই (হাইব্রীড) ও মেহগনি | E584: 5 | F584: ২৬.১৪৫৩২৮,৮৯.৬৬৫৬১১ | G584: আরিফুল ০১৭৬১৭৬০১৬৫ | H584: মোঃ জাহাঙ্গীর আলম, ০১৭৮০৫৩৮২৮৪ | I584: মোঃ আব্দুল জব্বার ০১৭২২৬৮৩২৯১ | K584: মিশ্র প্যাকেজ
A585: 584 | B585: গ্রাম : দঃ ছাটগোপালপুর ইউনিয়ন : তিলাই উপজেলা: ভূরুঙ্গামারী জেলা : কুড়িগ্রাম | C585: ভূরুঙ্গামারী | D585: আম (আমরুপালী), কাঠাল, নিম, জলপাই (হাইব্রীড) ও মেহগনি | E585: 5 | G585: আমিনুর ০১৭৮৭৭৮৪১২৯ | H585: মোঃ জাহাঙ্গীর আলম, ০১৭৮০৫৩৮২৮৪ | I585: মোঃ আব্দুল জব্বার ০১৭২২৬৮৩২৯১ | K585: মিশ্র প্যাকেজ
A586: 585 | B586: গ্রাম : দঃ ছাটগোপালপুর ইউনিয়ন : তিলাই উপজেলা: ভূরুঙ্গামারী জেলা : কুড়িগ্রাম | C586: ভূরুঙ্গামারী | D586: আম (আমরুপালী), কাঠাল, নিম, জলপাই (হাইব্রীড) ও মেহগনি | E586: 5 | G586: মনোয়ারা ০১৭৬১৬৬১৫০৬ | H586: মোঃ জাহাঙ্গীর আলম, ০১৭৮০৫৩৮২৮৪ | I586: মোঃ আব্দুল জব্বার ০১৭২২৬৮৩২৯১ | K586: মিশ্র প্যাকেজ
A587: 586 | B587: গ্রাম : দঃ ছাটগোপালপুর ইউনিয়ন : তিলাই উপজেলা: ভূরুঙ্গামারী জেলা : কুড়িগ্রাম | C587: ভূরুঙ্গামারী | D587: আম (আমরুপালী), কাঠাল, নিম, জলপাই (হাইব্রীড) ও মেহগনি | E587: 5 | G587: ছমির ০১৭১৫৮০৬৩৩৩ | H587: মোঃ জাহাঙ্গীর আলম, ০১৭৮০৫৩৮২৮৪ | I587: মোঃ আব্দুল জব্বার ০১৭২২৬৮৩২৯১ | K587: মিশ্র প্যাকেজ
A588: 587 | B588: গ্রাম : দঃ ছাটগোপালপুর ইউনিয়ন : তিলাই উপজেলা: ভূরুঙ্গামারী জেলা : কুড়িগ্রাম | C588: ভূরুঙ্গামারী | D588: আম (আমরুপালী), কাঠাল, নিম, জলপাই (হাইব্রীড) ও মেহগনি | E588: 5 | F588: ২৬.১৪৫১৪৪,৮৯.৬৬১৩৫১ | G588: লোকমান ০১৭৬২৭৭২৪৫০ | H588: মোঃ জাহাঙ্গীর আলম, ০১৭৮০৫৩৮২৮৪ | I588: মোঃ আব্দুল জব্বার ০১৭২২৬৮৩২৯১ | K588: মিশ্র প্যাকেজ
A589: 588 | B589: গ্রাম : দঃ ছাটগোপালপুর ইউনিয়ন : তিলাই উপজেলা: ভূরুঙ্গামারী জেলা : কুড়িগ্রাম | C589: ভূরুঙ্গামারী | D589: আম (আমরুপালী), কাঠাল, নিম, জলপাই (হাইব্রীড) ও মেহগনি | E589: 5 | G589: মোশারফ ০১৭৪৭২৮৩৯৩৯ | H589: মোঃ জাহাঙ্গীর আলম, ০১৭৮০৫৩৮২৮৪ | I589: মোঃ আব্দুল জব্বার ০১৭২২৬৮৩২৯১ | K589: মিশ্র প্যাকেজ
A590: 589 | B590: গ্রাম : দঃ ছাটগোপালপুর ইউনিয়ন : তিলাই উপজেলা: ভূরুঙ্গামারী জেলা : কুড়িগ্রাম | C590: ভূরুঙ্গামারী | D590: আম (আমরুপালী), কাঠাল, নিম, জলপাই (হাইব্রীড) ও মেহগনি | E590: 5 | G590: শাহিন ০১৭২৯১০৫৭১৭ | H590: মোঃ জাহাঙ্গীর আলম, ০১৭৮০৫৩৮২৮৪ | I590: মোঃ আব্দুল জব্বার ০১৭২২৬৮৩২৯১ | K590: মিশ্র প্যাকেজ
A591: 590 | B591: গ্রাম : দঃ ছাটগোপালপুর ইউনিয়ন : তিলাই উপজেলা: ভূরুঙ্গামারী জেলা : কুড়িগ্রাম | C591: ভূরুঙ্গামারী | D591: আম (আমরুপালী), কাঠাল, নিম, জলপাই (হাইব্রীড) ও মেহগনি | E591: 5 | F591: ২৬.১৪৫৫৮৪,৮৯.৬৬৬০৩৬ | G591: গোলাম মোস্তফা ০১৭১৪৯৬৪৬৬৮ | H591: মোঃ জাহাঙ্গীর আলম, ০১৭৮০৫৩৮২৮৪ | I591: মোঃ আব্দুল জব্বার ০১৭২২৬৮৩২৯১ | K591: মিশ্র প্যাকেজ
A592: 591 | B592: গ্রাম : দঃ ছাটগোপালপুর ইউনিয়ন : তিলাই উপজেলা: ভূরুঙ্গামারী জেলা : কুড়িগ্রাম | C592: ভূরুঙ্গামারী | D592: আম (আমরুপালী), কাঠাল, নিম, জলপাই (হাইব্রীড) ও মেহগনি | E592: 5 | F592: ২৬.১৪৪৫৪৪,৮৯.৬৬৫২১২ | G592: আতোয়ার ০১৩০৭৩৩৭৫৪৮ | H592: মোঃ জাহাঙ্গীর আলম, ০১৭৮০৫৩৮২৮৪ | I592: মোঃ আব্দুল জব্বার ০১৭২২৬৮৩২৯১ | K592: মিশ্র প্যাকেজ
A593: 592 | B593: গ্রাম : দঃ ছাটগোপালপুর ইউনিয়ন : তিলাই উপজেলা: ভূরুঙ্গামারী জেলা : কুড়িগ্রাম | C593: ভূরুঙ্গামারী | D593: আম (আমরুপালী), কাঠাল, নিম, জলপাই (হাইব্রীড) ও মেহগনি | E593: 5 | F593: ২৬.১৪৫৭৪১,৮৯.৬৭০৩৬২ | G593: বাবলু ০১৭৬৪৮১৭৪০২ | H593: মোঃ জাহাঙ্গীর আলম, ০১৭৮০৫৩৮২৮৪ | I593: মোঃ আব্দুল জব্বার ০১৭২২৬৮৩২৯১ | K593: মিশ্র প্যাকেজ
A594: 593 | B594: গ্রাম : দঃ ছাটগোপালপুর ইউনিয়ন : তিলাই উপজেলা: ভূরুঙ্গামারী জেলা : কুড়িগ্রাম | C594: ভূরুঙ্গামারী | D594: আম (আমরুপালী), কাঠাল, নিম, জলপাই (হাইব্রীড) ও মেহগনি | E594: 5 | F594: ২৬.১৪৫৫৮৫,৮৯.৬৬৭৬৪১ | G594: আবুল কালাম ০১৭৩৮৩৭২৭৯৪ | H594: মোঃ জাহাঙ্গীর আলম, ০১৭৮০৫৩৮২৮৪ | I594: মোঃ আব্দুল জব্বার ০১৭২২৬৮৩২৯১ | K594: মিশ্র প্যাকেজ
A595: 594 | B595: গ্রাম : পঃ ছাটগোপালপুর ইউনিয়ন : তিলাই উপজেলা: ভূরুঙ্গামারী জেলা : কুড়িগ্রাম | C595: ভূরুঙ্গামারী | D595: আম (আমরুপালী), কাঠাল, নিম, জলপাই (হাইব্রীড) ও মেহগনি | E595: 5 | G595: সোহরাব ০১৭৬২৯৫৮৪৭০ | H595: মোঃ জাহাঙ্গীর আলম, ০১৭৮০৫৩৮২৮৪ | I595: মোঃ আব্দুল জব্বার ০১৭২২৬৮৩২৯১ | K595: মিশ্র প্যাকেজ
A596: 595 | B596: গ্রাম : পঃ ছাটগোপালপুর ইউনিয়ন : তিলাই উপজেলা: ভূরুঙ্গামারী জেলা : কুড়িগ্রাম | C596: ভূরুঙ্গামারী | D596: আম (আমরুপালী), কাঠাল, নিম, জলপাই (হাইব্রীড) ও মেহগনি | E596: 5 | F596: ২৬.১৪০৫৭০,৮৯,৬৬১৬৮৪ | G596: আফছার ০১৭১৩৭১৪২০২ | H596: মোঃ জাহাঙ্গীর আলম, ০১৭৮০৫৩৮২৮৪ | I596: মোঃ আব্দুল জব্বার ০১৭২২৬৮৩২৯১ | K596: মিশ্র প্যাকেজ
A597: 596 | B597: গ্রাম : পঃ ছাটগোপালপুর ইউনিয়ন : তিলাই উপজেলা: ভূরুঙ্গামারী জেলা : কুড়িগ্রাম | C597: ভূরুঙ্গামারী | D597: আম (আমরুপালী), কাঠাল, নিম, জলপাই (হাইব্রীড) ও মেহগনি | E597: 5 | F597: ২৬.১৫২৬৩১,৮৯.৬৫৫৯৪৯ | G597: আনিছুর ০১৭৪০১৬৫৬৫৫ | H597: মোঃ জাহাঙ্গীর আলম, ০১৭৮০৫৩৮২৮৪ | I597: মোঃ আব্দুল জব্বার ০১৭২২৬৮৩২৯১ | K597: মিশ্র প্যাকেজ
A598: 597 | B598: গ্রাম : পঃ ছাটগোপালপুর ইউনিয়ন : তিলাই উপজেলা: ভূরুঙ্গামারী জেলা : কুড়িগ্রাম | C598: ভূরুঙ্গামারী | D598: আম (আমরুপালী), কাঠাল, নিম, জলপাই (হাইব্রীড) ও মেহগনি | E598: 5 | F598: ২৬.১৩৮৭১৪,৮৯.৬৫৫০৮০ | G598: গোলাম মোস্তফা ০১৭২৯০৮১৭১৭ | H598: মোঃ জাহাঙ্গীর আলম, ০১৭৮০৫৩৮২৮৪ | I598: মোঃ আব্দুল জব্বার ০১৭২২৬৮৩২৯১ | K598: মিশ্র প্যাকেজ
A599: 598 | B599: গ্রাম : পঃ ছাটগোপালপুর ইউনিয়ন : তিলাই উপজেলা: ভূরুঙ্গামারী জেলা : কুড়িগ্রাম | C599: ভূরুঙ্গামারী | D599: আম (আমরুপালী), কাঠাল, নিম, জলপাই (হাইব্রীড) ও মেহগনি | E599: 5 | F599: ২৬.১৪৭২৪৮,৮৯.৬৩৯৫২৫ | G599: কফিল ০১৭২৭৯৮৮৭৯৬ | H599: মোঃ জাহাঙ্গীর আলম, ০১৭৮০৫৩৮২৮৪ | I599: মোঃ আব্দুল জব্বার ০১৭২২৬৮৩২৯১ | K599: মিশ্র প্যাকেজ
A600: 599 | B600: গ্রাম : পঃ ছাটগোপালপুর ইউনিয়ন : তিলাই উপজেলা: ভূরুঙ্গামারী জেলা : কুড়িগ্রাম | C600: ভূরুঙ্গামারী | D600: আম (আমরুপালী), কাঠাল, নিম, জলপাই (হাইব্রীড) ও মেহগনি | E600: 5 | F600: ২৬.১৪১৫১৭৮,৮৯.৬৬৭৮৯২ | G600: রিপা খাতুন ০১৭৮০৬৬৪৮৬৮ | H600: মোঃ জাহাঙ্গীর আলম, ০১৭৮০৫৩৮২৮৪ | I600: মোঃ আব্দুল জব্বার ০১৭২২৬৮৩২৯১ | K600: মিশ্র প্যাকেজ
A601: 600 | B601: গ্রাম : পঃ ছাটগোপালপুর ইউনিয়ন : তিলাই উপজেলা: ভূরুঙ্গামারী জেলা : কুড়িগ্রাম | C601: ভূরুঙ্গামারী | D601: আম (আমরুপালী), কাঠাল, নিম, জলপাই (হাইব্রীড) ও মেহগনি | E601: 5 | F601: ২৬.১৪৪৫৯০,৮৯.৬৬৩০৯৬ | G601: তফের ০১৭৪৩৯৮৪০১২ | H601: মোঃ জাহাঙ্গীর আলম, ০১৭৮০৫৩৮২৮৪ | I601: মোঃ আব্দুল জব্বার ০১৭২২৬৮৩২৯১ | K601: মিশ্র প্যাকেজ
A602: 601 | B602: গ্রাম : পঃ ছাটগোপালপুর ইউনিয়ন : তিলাই উপজেলা: ভূরুঙ্গামারী জেলা : কুড়িগ্রাম | C602: ভূরুঙ্গামারী | D602: আম (আমরুপালী), কাঠাল, নিম, জলপাই (হাইব্রীড) ও মেহগনি | E602: 5 | F602: ২৬.১৪৫৫৪৩,৮৯.৬৬৪৯৯২ | G602: রেজিয়া ০১৩২৪০৩৬৪৭৪ | H602: মোঃ জাহাঙ্গীর আলম, ০১৭৮০৫৩৮২৮৪ | I602: মোঃ আব্দুল জব্বার ০১৭২২৬৮৩২৯১ | K602: মিশ্র প্যাকেজ
A603: 602 | B603: গ্রাম : পঃ ছাটগোপালপুর ইউনিয়ন : তিলাই উপজেলা: ভূরুঙ্গামারী জেলা : কুড়িগ্রাম | C603: ভূরুঙ্গামারী | D603: আম (আমরুপালী), কাঠাল, নিম, জলপাই (হাইব্রীড) ও মেহগনি | E603: 5 | F603: ২৬.১৪৫২০১,৮৯.৬৬৬১৬৮ | G603: ছকির ০১৭১৫৮০৬৩৩৩ | H603: মোঃ জাহাঙ্গীর আলম, ০১৭৮০৫৩৮২৮৪ | I603: মোঃ আব্দুল জব্বার ০১৭২২৬৮৩২৯১ | K603: মিশ্র প্যাকেজ
A604: 603 | B604: গ্রাম : পঃ ছাটগোপালপুর ইউনিয়ন : তিলাই উপজেলা: ভূরুঙ্গামারী জেলা : কুড়িগ্রাম | C604: ভূরুঙ্গামারী | D604: আম (আমরুপালী), কাঠাল, নিম, জলপাই (হাইব্রীড) ও মেহগনি | E604: 5 | F604: ২৬.১৪৬৮২৫,৮৯.৬৭২৪৫৭ | G604: চান মিয়া ০১৭১৫৮০৬৩৩৩ | H604: মোঃ জাহাঙ্গীর আলম, ০১৭৮০৫৩৮২৮৪ | I604: মোঃ আব্দুল জব্বার ০১৭২২৬৮৩২৯১ | K604: মিশ্র প্যাকেজ
A605: 604 | B605: গ্রাম : পঃ ছাটগোপালপুর ইউনিয়ন : তিলাই উপজেলা: ভূরুঙ্গামারী জেলা : কুড়িগ্রাম | C605: ভূরুঙ্গামারী | D605: আম (আমরুপালী), কাঠাল, নিম, জলপাই (হাইব্রীড) ও মেহগনি | E605: 5 | F605: ২৬.১৫৩৮৩৬,৮৯.৬৫৪১২৩ | G605: শেখ কামাল ০১৭৯১৭৬১৫১৬ | H605: মোঃ জাহাঙ্গীর আলম, ০১৭৮০৫৩৮২৮৪ | I605: মোঃ আব্দুল জব্বার ০১৭২২৬৮৩২৯১ | K605: মিশ্র প্যাকেজ
A606: 605 | B606: গ্রাম : পঃ ছাটগোপালপুর ইউনিয়ন : তিলাই উপজেলা: ভূরুঙ্গামারী জেলা : কুড়িগ্রাম | C606: ভূরুঙ্গামারী | D606: আম (আমরুপালী), কাঠাল, নিম, জলপাই (হাইব্রীড) ও মেহগনি | E606: 5 | F606: ২৬.১৪৩৩৪৮,৮৯.৬৫৯০৯৫ | G606: সাদ্দাম ০১৩১৩২৮৮৭৯৯ | H606: মোঃ জাহাঙ্গীর আলম, ০১৭৮০৫৩৮২৮৪ | I606: মোঃ আব্দুল জব্বার ০১৭২২৬৮৩২৯১ | K606: মিশ্র প্যাকেজ
A607: 606 | B607: গ্রাম : পঃ ছাটগোপালপুর ইউনিয়ন : তিলাই উপজেলা: ভূরুঙ্গামারী জেলা : কুড়িগ্রাম | C607: ভূরুঙ্গামারী | D607: আম (আমরুপালী), কাঠাল, নিম, জলপাই (হাইব্রীড) ও মেহগনি | E607: 5 | F607: ২৬.১৫২৭০০,৮৯.৬৬৬৯৭১ | G607: সালমা ০১৭২৮০৫২৬০৬ | H607: মোঃ জাহাঙ্গীর আলম, ০১৭৮০৫৩৮২৮৪ | I607: মোঃ আব্দুল জব্বার ০১৭২২৬৮৩২৯১ | K607: মিশ্র প্যাকেজ
... A612: 611 | B612: গ্রাম : দঃ ছাটগোপালপুর ইউনিয়ন : তিলাই উপজেলা: ভূরুঙ্গামারী জেলা : কুড়িগ্রাম | C612: ভূরুঙ্গামারী | D612: আম (আমরুপালী), কাঠাল, নিম, জলপাই (হাইব্রীড) ও মেহগনি | E612: 5 | F612: ২৬.১৪৩৩৪৮,৮৯.৬৫৯০৯ | G612: আয়নাল ০১৭০৬৮৫৫৬৯৯ | H612: মোঃ জাহাঙ্গীর আলম, ০১৭৮০৫৩৮২৮৪ | I612: মোঃ আব্দুল জব্বার ০১৭২২৬৮৩২৯১ | K612: মিশ্র প্যাকেজ
A613: 612 | B613: গ্রাম : দঃ ছাটগোপালপুর ইউনিয়ন : তিলাই উপজেলা: ভূরুঙ্গামারী জেলা : কুড়িগ্রাম | C613: ভূরুঙ্গামারী | D613: আম (আমরুপালী), কাঠাল, নিম, জলপাই (হাইব্রীড) ও মেহগনি | E613: 5 | G613: আছমা ০১৭৫২২৬৫৭৮১ | H613: মোঃ জাহাঙ্গীর আলম, ০১৭৮০৫৩৮২৮৪ | I613: মোঃ আব্দুল জব্বার ০১৭২২৬৮৩২৯১ | K613: মিশ্র প্যাকেজ
A614: 613 | B614: গ্রাম : বেলদহ ইউনিয়ন : পাইকেরছড়া উপজেলা: ভূরুঙ্গামারী জেলা : কুড়িগ্রাম | C614: ভূরুঙ্গামারী | D614: আম (আমরুপালী), কাঠাল, নিম, জলপাই (হাইব্রীড) ও মেহগনি | E614: 5 | G614: বেলদহ মুসললী পাড়া মসজিদ | H614: মোঃ শাহানুর আলম, ০১৭৩৭০৮৪৯০৯ | I614: মোঃ আব্দুল জব্বার ০১৭২২৬৮৩২৯১ | K614: মিশ্র প্যাকেজ
A615: 614 | B615: গ্রাম : গছিডাঙ্গা ইউনিয়ন : পাইকেরছড়া উপজেলা: ভূরুঙ্গামারী জেলা : কুড়িগ্রাম | C615: ভূরুঙ্গামারী | D615: আম (আমরুপালী), কাঠাল, নিম, জলপাই (হাইব্রীড) ও মেহগনি | E615: 5 | G615: গছিডাঙ্গা জামে মসজিদ | H615: মোঃ শাহানুর আলম, ০১৭৩৭০৮৪৯০৯ | I615: মোঃ আব্দুল জব্বার ০১৭২২৬৮৩২৯১ | K615: মিশ্র প্যাকেজ
A616: 615 | B616: গ্রাম : গছিডাঙ্গা ইউনিয়ন : পাইকেরছড়া উপজেলা: ভূরুঙ্গামারী জেলা : কুড়িগ্রাম | C616: ভূরুঙ্গামারী | D616: আম (আমরুপালী), কাঠাল, নিম, জলপাই (হাইব্রীড) ও মেহগনি | E616: 5 | G616: গছিডাঙ্গা জামে মসজিদ | H616: মোঃ শাহানুর আলম, ০১৭৩৭০৮৪৯০৯ | I616: মোঃ আব্দুল জব্বার ০১৭২২৬৮৩২৯১ | K616: মিশ্র প্যাকেজ
A617: 616 | B617: গ্রাম : গছিডাঙ্গা ইউনিয়ন : পাইকেরছড়া উপজেলা: ভূরুঙ্গামারী জেলা : কুড়িগ্রাম | C617: ভূরুঙ্গামারী | D617: আম (আমরুপালী), কাঠাল, নিম, জলপাই (হাইব্রীড) ও মেহগনি | E617: 5 | G617: গছিডাঙ্গা জামে মসজিদ | H617: মোঃ শাহানুর আলম, ০১৭৩৭০৮৪৯০৯ | I617: মোঃ আব্দুল জব্বার ০১৭২২৬৮৩২৯১ | K617: মিশ্র প্যাকেজ
A618: 617 | B618: গ্রাম : কালিরহাট ইউনিয়ন :পাইকেরছড়া উপজেলা: ভূরুঙ্গামারী জেলা : কুড়িগ্রাম | C618: ভূরুঙ্গামারী | D618: আম (আমরুপালী), কাঠাল, নিম, জলপাই (হাইব্রীড) ও মেহগনি | E618: 5 | G618: গছিডাঙ্গা জামে মসজিদ | H618: মোঃ শাহানুর আলম, ০১৭৩৭০৮৪৯০৯ | I618: মোঃ আব্দুল জব্বার ০১৭২২৬৮৩২৯১ | K618: মিশ্র প্যাকেজ
A619: 618 | B619: গ্রাম : পাইকেরছড়া ইউনিয়ন : পাইকেরছড়া উপজেলা: ভূরুঙ্গামারী জেলা : কুড়িগ্রাম | C619: ভূরুঙ্গামারী | D619: আম (আমরুপালী), কাঠাল, নিম, জলপাই (হাইব্রীড) ও মেহগনি | E619: 5 | G619: পাইকেরছড়া জামে মসজিদ | H619: মোঃ রাফসানুরজামান, ০১৭৫০৫১৮২৩৭ | I619: মোঃ আব্দুল জব্বার ০১৭২২৬৮৩২৯১ | K619: মিশ্র প্যাকেজ
A620: 619 | B620: গ্রাম : গছিডাঙ্গা ইউনিয়ন : পাইকেরছড়া উপজেলা: ভূরুঙ্গামারী জেলা : কুড়িগ্রাম | C620: ভূরুঙ্গামারী | D620: আম (আমরুপালী), কাঠাল, নিম, জলপাই (হাইব্রীড) ও মেহগনি | E620: 5 | G620: গছিডাঙ্গা জামে মসজিদ | H620: মোঃ শাহানুর আলম, ০১৭৩৭০৮৪৯০৯ | I620: মোঃ আব্দুল জব্বার ০১৭২২৬৮৩২৯১ | K620: মিশ্র প্যাকেজ
A621: 620 | B621: গ্রাম : গছিডাঙ্গা ইউনিয়ন : পাইকেরছড়া উপজেলা: ভূরুঙ্গামারী জেলা : কুড়িগ্রাম | C621: ভূরুঙ্গামারী | D621: আম (আমরুপালী), কাঠাল, নিম, জলপাই (হাইব্রীড) ও মেহগনি | E621: 5 | G621: গছিডাঙ্গা জামে মসজিদ | H621: মোঃ শাহানুর আলম, ০১৭৩৭০৮৪৯০৯ | I621: মোঃ আব্দুল জব্বার ০১৭২২৬৮৩২৯১ | K621: মিশ্র প্যাকেজ
A622: 621 | B622: গ্রাম : কচুবাড়ি ইউনিয়ন : পাইকেরছড়া উপজেলা: ভূরুঙ্গামারী জেলা : কুড়িগ্রাম | C622: ভূরুঙ্গামারী | D622: আম (আমরুপালী), কাঠাল, নিম, জলপাই (হাইব্রীড) ও মেহগনি | E622: 5 | G622: কাজিমুদ্দিন মন্ডল জামে মসজিদ | H622: মোঃ শাহানুর আলম, ০১৭৩৭০৮৪৯০৯ | I622: মোঃ আব্দুল জব্বার ০১৭২২৬৮৩২৯১ | K622: মিশ্র প্যাকেজ
A623: 622 | B623: গ্রাম : ময়নাতলা ইউনিয়ন : পাইকেরছড়া উপজেলা: ভূরুঙ্গামারী জেলা : কুড়িগ্রাম | C623: ভূরুঙ্গামারী | D623: আম (আমরুপালী), কাঠাল, নিম, জলপাই (হাইব্রীড) ও মেহগনি | E623: 5 | G623: পুকুর পাড়া জামে মসজিদ | H623: মোঃ শাহানুর আলম, ০১৭৩৭০৮৪৯০৯ | I623: মোঃ আব্দুল জব্বার ০১৭২২৬৮৩২৯১ | K623: মিশ্র প্যাকেজ
A624: 623 | B624: গ্রাম : ছিটপাইকেরছড়া ইউনিয়ন : পাইকেরছড়া উপজেলা: ভূরুঙ্গামারী জেলা : কুড়িগ্রাম | C624: ভূরুঙ্গামারী | D624: আম (আমরুপালী), কাঠাল, নিম, জলপাই (হাইব্রীড) ও মেহগনি | E624: 5 | G624: কঢ়ুবাড়ি জামে মসজিদ | H624: মোঃ শাহানুর আলম, ০১৭৩৭০৮৪৯০৯ | I624: মোঃ আব্দুল জব্বার ০১৭২২৬৮৩২৯১ | K624: মিশ্র প্যাকেজ
... A654: 653 | B654: গ্রাম : ছিটপাইকেরছড়া ইউনিয়ন : পাইকেরছড়া উপজেলা: ভূরুঙ্গামারী জেলা : কুড়িগ্রাম | C654: ভূরুঙ্গামারী | D654: আম (আমরুপালী), কাঠাল, নিম, জলপাই (হাইব্রীড) ও মেহগনি | E654: 5 | G654: খামার বেলদহ হাফিজিয়া মাদ্রসা | H654: মোঃ শাহানুর আলম, ০১৭৩৭০৮৪৯০৯ | I654: মোঃ আব্দুল জব্বার ০১৭২২৬৮৩২৯১ | K654: মিশ্র প্যাকেজ
A655: 654 | B655: গ্রাম : দেয়ানের খামার ইউনিয়ন : ভূরুঙ্গামারী উপজেলা: ভূরুঙ্গামারী জেলা : কুড়িগ্রাম | C655: ভূরুঙ্গামারী | D655: আম (আমরুপালী), কাঠাল, নিম, জলপাই (হাইব্রীড) ও মেহগনি | E655: 5 | F655: 26.108315,89.666722 | G655: আজিজুল ০১৭১২৫১১৭৪৩ | H655: মোছাঃ আয়শা আক্তার, ০১৭৪০১৪১১৩১ | I655: মোঃ আব্দুল জব্বার ০১৭২২৬৮৩২৯১ | K655: মিশ্র প্যাকেজ
A656: 655 | B656: গ্রাম : দেয়ানের খামার ইউনিয়ন : ভূরুঙ্গামারী উপজেলা: ভূরুঙ্গামারী জেলা : কুড়িগ্রাম | C656: ভূরুঙ্গামারী | D656: আম (আমরুপালী), কাঠাল, নিম, জলপাই (হাইব্রীড) ও মেহগনি | E656: 5 | F656: 26.109614,89.665537 | G656: তাইফুর ০১৭১০৮৬৯৭০৪ | H656: মোছাঃ আয়শা আক্তার, ০১৭৪০১৪১১৩১ | I656: মোঃ আব্দুল জব্বার ০১৭২২৬৮৩২৯১ | K656: মিশ্র প্যাকেজ
A657: 656 | B657: গ্রাম : দেয়ানের খামার ইউনিয়ন : ভূরুঙ্গামারী উপজেলা: ভূরুঙ্গামারী জেলা : কুড়িগ্রাম | C657: ভূরুঙ্গামারী | D657: আম (আমরুপালী), কাঠাল, নিম, জলপাই (হাইব্রীড) ও মেহগনি | E657: 5 | F657: 26.107289,89.665915 | G657: জসিমউদ্দিন ০১৭৬৬১৭৮৯১ | H657: মোছাঃ আয়শা আক্তার, ০১৭৪০১৪১১৩১ | I657: মোঃ আব্দুল জব্বার ০১৭২২৬৮৩২৯১ | K657: মিশ্র প্যাকেজ
A658: 657 | B658: গ্রাম : দেয়ানের খামার ইউনিয়ন : ভূরুঙ্গামারী উপজেলা: ভূরুঙ্গামারী জেলা : কুড়িগ্রাম | C658: ভূরুঙ্গামারী | D658: আম (আমরুপালী), কাঠাল, নিম, জলপাই (হাইব্রীড) ও মেহগনি | E658: 5 | F658: 26.109431,89.665972 | G658: হবিবর রহমান ০১৭২৮৬১৬২১৬ | H658: মোছাঃ আয়শা আক্তার, ০১৭৪০১৪১১৩১ | I658: মোঃ আব্দুল জব্বার ০১৭২২৬৮৩২৯১ | K658: মিশ্র প্যাকেজ
A659: 658 | B659: গ্রাম : দেয়ানের খামার ইউনিয়ন : ভূরুঙ্গামারী উপজেলা: ভূরুঙ্গামারী জেলা : কুড়িগ্রাম | C659: ভূরুঙ্গামারী | D659: আম (আমরুপালী), কাঠাল, নিম, জলপাই (হাইব্রীড) ও মেহগনি | E659: 5 | F659: 26.109309,89.665853 | G659: আঃ সোবাহান ০১৭০৬৮১২৮৬৯ | H659: মোছাঃ আয়শা আক্তার, ০১৭৪০১৪১১৩১ | I659: মোঃ আব্দুল জব্বার ০১৭২২৬৮৩২৯১ | K659: মিশ্র প্যাকেজ
A660: 659 | B660: গ্রাম : দেয়ানের খামার ইউনিয়ন : ভূরুঙ্গামারী উপজেলা: ভূরুঙ্গামারী জেলা : কুড়িগ্রাম | C660: ভূরুঙ্গামারী | D660: আম (আমরুপালী), কাঠাল, নিম, জলপাই (হাইব্রীড) ও মেহগনি | E660: 5 | F660: 26.113133,89.661859 | G660: ভুরুঙ্গামারী ইউপি. ০১৭৩৮১৪৫৬০৪ | H660: মোছাঃ আয়শা আক্তার, ০১৭৪০১৪১১৩১ | I660: মোঃ আব্দুল জব্বার ০১৭২২৬৮৩২৯১ | K660: মিশ্র প্যাকেজ
A661: 660 | B661: গ্রাম : নলেয়া ইউনিয়ন : ভূরুঙ্গামারী উপজেলা: ভূরুঙ্গামারী জেলা : কুড়িগ্রাম | C661: ভূরুঙ্গামারী | D661: আম (আমরুপালী), কাঠাল, নিম, জলপাই (হাইব্রীড) ও মেহগনি | E661: 5 | F661: 26.118737,89.666851 | G661: এস এম নাছিমুল ০১৭৩৪৬৮৫৩৮৩ | H661: মোঃ মঞ্জুরুল ইসলাম, ০১৭১৭৮১৩১৩৮ | I661: মোঃ আব্দুল জব্বার ০১৭২২৬৮৩২৯১ | K661: মিশ্র প্যাকেজ
A662: 661 | B662: গ্রাম : কামাত আঙ্গারীয়া ইউনিয়ন :ভূরুঙ্গামারী উপজেলা: ভূরুঙ্গামারী জেলা : কুড়িগ্রাম | C662: ভূরুঙ্গামারী | D662: আম (আমরুপালী), কাঠাল, নিম, জলপাই (হাইব্রীড) ও মেহগনি | E662: 5 | F662: 26.118638,89.667125 | G662: সাইদুল ০১৭৯৪৮০৬৮০৯ | H662: মোছাঃ আয়শা আক্তার, ০১৭৪০১৪১১৩১ | I662: মোঃ আব্দুল জব্বার ০১৭২২৬৮৩২৯১ | K662: মিশ্র প্যাকেজ
A663: 662 | B663: গ্রাম : কামাত আঙ্গারীয়া ইউনিয়ন :ভূরুঙ্গামারী উপজেলা: ভূরুঙ্গামারী জেলা : কুড়িগ্রাম | C663: ভূরুঙ্গামারী | D663: আম (আমরুপালী), কাঠাল, নিম, জলপাই (হাইব্রীড) ও মেহগনি | E663: 5 | F663: 26.124605,89.668049 | G663: মমিনুর ০১৭৭৩৮৯৬৯৭২ | H663: মোছাঃ আয়শা আক্তার, ০১৭৪০১৪১১৩১ | I663: মোঃ আব্দুল জব্বার ০১৭২২৬৮৩২৯১ | K663: মিশ্র প্যাকেজ
A664: 663 | B664: গ্রাম : কামাত আঙ্গারীয়া ইউনিয়ন :ভূরুঙ্গামারী উপজেলা: ভূরুঙ্গামারী জেলা : কুড়িগ্রাম | C664: ভূরুঙ্গামারী | D664: আম (আমরুপালী), কাঠাল, নিম, জলপাই (হাইব্রীড) ও মেহগনি | E664: 5 | F664: 26.113924,89.671764 | G664: রাজিয়া ০১৭৫১০৮৬৯৪৪ | H664: মোছাঃ আয়শা আক্তার, ০১৭৪০১৪১১৩১ | I664: মোঃ আব্দুল জব্বার ০১৭২২৬৮৩২৯১ | K664: মিশ্র প্যাকেজ
...

Sheet ১৭_কলাম_প্রতিবেদন
A1: ১৭. ০৫ বছরে ২৫ কোটি বৃক্ষ রোপণ কর্মসূচির আওতায় রোপণকৃত চারার তথ্য
A2: মন্ত্রণালয়/বিভাগ/অধিদপ্তর: কৃষি সম্প্রসারণ অধিদপ্তর, কুড়িগ্রাম জেলা | বিভাগ: রংপুর | মাস: August | তারিখ: 11 Aug 2026
A4: ক্র. নং | B4: গ্রামের নাম | C4: ব্লক | D4: ইউনিয়ন | E4: উপজেলা | F4: জেলা | G4: প্রজাতির নাম | H4: চারার সংখ্যা | I4: রোপণের তারিখ | J4: জিওগ্রাফিক্যাল কো-অর্ডিনেট | K4: কৃষকের নাম | L4: কৃষকের মোবাইল | M4: SAAO-এর নাম | N4: SAAO-এর মোবাইল | O4: মনিটরিং অফিসারের নাম | P4: মনিটরিং মোবাইল | Q4: মন্তব্য | R4: প্রজাতি ক্যাটাগরি | S4: ডাটা মান যাচাই
A5: 1 | B5: ভুরুঙ্গামারী | D5: মোগলবাসা | E5: কুড়িগ্রাম সদর | F5: কুড়িগ্রাম | G5: পেয়ারা থাই-৭ (ফলদ) × 85 | H5: 85 | I5: 10 May 2026 | J5: 25.755591,89.657639 | K5: মোঃ রেজওয়ান সরকার | L5: 01750674891 | M5: ভবেশ চন্দ্র মোদক | N5: 01724511968 | O5: দিপু রায় | P5: ০১৭৩৭৬৬৫৩৩১ | R5: ফলদ
A6: 2 | B6: কাঁঠালবাড়ী | D6: কাঁঠালবাড়ী | E6: কুড়িগ্রাম সদর | F6: কুড়িগ্রাম | G6: মাল্টা বারি-১ (ফলদ) × 60 | H6: 60 | I6: 4 Jun 2026 | J6: 25.826721,89.603292 | K6: মোঃ আতিকুর রহমান | L6: 01727620179 | M6: নারায়ন চন্দ্র সরকার | N6: 01724511346 | O6: দিপু রায় | P6: ০১৭৩৭৬৬৫৩৩১ | R6: ফলদ
A7: 3 | B7: হলোখানা | D7: হলোখানা | E7: কুড়িগ্রাম সদর | F7: কুড়িগ্রাম | G7: লেবু সিডরেস (ফলদ) × 220 | H7: 220 | I7: 2 Jun 2026 | J7: 25.830043,89.6245 | K7: মোঃ আমিনুর ইসলাম | L7: 01723360770 | M7: এস এম تরিকুল ইসলাম | N7: 01716026306 | O7: দিপু রায় | P7: ০১৭৩৭৬৬৫৩৩১ | R7: ফলদ
A8: 4 | B8: বেলগাছা | D8: বেলগাছা | E8: কুড়িগ্রাম সদর | F8: কুড়িগ্রাম | G8: আম-ব্যানানা (ফলদ) × 33 | H8: 33 | I8: 2 Jun 2026 | J8: 25.79392,89.62017 | K8: জয়ন্তী রাণী | L8: 01791966821 | M8: মোঃ নুর আলম | N8: 01729451848 | O8: দিপু রায় | P8: ০১৭৩৭৬৬৫৩৩১ | R8: ফলদ
A9: 5 | B9: চর ভুরুঙ্গামারী | D9: চর ভুরুঙ্গামারী | E9: ভূরুঙ্গামারী | F9: কুড়িগ্রাম | G9: আম-ব্যানানা মেঙ্গো (ফলদ) × 33 | H9: 33 | I9: 2 Jun 2026 | J9: 26.125547,89.729581 | K9: মোছা: শারমিন আক্তার | L9: 01712046367 | M9: মো: মঞ্জুরুল ইসলাম | N9: 01717813138 | R9: ফলদ | S9: মনিটরিং অফিসার খালি
A10: 6 | B10: পাইকেরছড়া | D10: পাইকেরছড়া | E10: ভূরুঙ্গামারী | F10: কুড়িগ্রাম | G10: পেয়ারা- গোল্ডেন-৮ (ফলদ) × 85 | H10: 85 | I10: 26 May 2026 | J10: 26.09305,89.69845 | K10: মোছা: অনিকা বেগম | L10: 01774361298 | M10: মো: শাহানুর আলম | N10: 01737084908 | R10: ফলদ | S10: মনিটরিং অফিসার খালি
A11: 7 | B11: পাথরডুবি | D11: পাথরডুবি | E11: ভূরুঙ্গামারী | F11: কুড়িগ্রাম | G11: মাল্টা- বারি-১ (ফলদ) × 60 | H11: 60 | I11: 1 Jun 2026 | J11: 26.125547,89.621771 | K11: মোছা: আখি আক্তার | L11: 01642860652 | M11: মো: আবুল বাশার | N11: 01303614632 | R11: ফলদ | S11: মনিটরিং অফিসার খালি
A12: 8 | B12: জয়মনিরহাট | D12: জয়মনিরহাট | E12: ভূরুঙ্গামারী | F12: কুড়িগ্রাম | G12: লেবু-সিটলেজ (ফলদ) × 220 | H12: 220 | I12: 3 Jun 2026 | J12: 26.068899,89.673812 | K12: মো: সফিকুল ইসলাম | L12: 01774361415 | M12: মো: শহিদুল ইসলাম | N12: 01737458464 | R12: ফলদ | S12: মনিটরিং অফিসার খালি
A13: 9 | B13: কোদালকাটি | D13: কোদালকাটি | E13: চর রাজিবপুর | F13: কুড়িগ্রাম | G13: আম (আমরুপালী) (ফলদ) × 33 | H13: 33 | I13: 4 May 2026 | J13: 25.482715,89.768447 | K13: সিরাজুল ইসলাম | L13: 01718165491 | M13: মোঃ শাখাওয়াত হোসেন | N13: 01743668680 | R13: ফলদ | S13: মনিটরিং অফিসার খালি
A14: 10 | B14: রাজিবপুর | D14: রাজিবপুর | E14: চর রাজিবপুর | F14: কুড়িগ্রাম | G14: পেয়ারা (কাজী) (ফলদ) × 85 | H14: 85 | I14: 5 May 2026 | J14: 25.459003,89.828174 | K14: মোঃ শাহ আলম | L14: 01956402022 | M14: মোঃ শাখাওয়াত হোসেন | N14: 01743668680 | R14: ফলদ | S14: মনিটরিং অফিসার খালি
A15: 11 | B15: মোহনগঞ্জ | D15: মোহনগঞ্জ | E15: চর রাজিবপুর | F15: কুড়িগ্রাম | G15: মাল্টা (বারি মাল্টা-1) (ফলদ) × 60 | H15: 60 | I15: 6 May 2026 | J15: 25.427144,89.771586 | K15: মোঃ জহুরুল হক | L15: 01937371604 | M15: মোঃ শাখাওয়াত হোসেন | N15: 1743668680 | R15: ফলদ | S15: মনিটরিং অফিসার খালি
A16: 12 | B16: রাজিবপুর | D16: রাজিবপুর | E16: চর রাজিবপুর | F16: কুড়িগ্রাম | G16: লেবু (দেশী) (ফলদ) × 370 | H16: 370 | I16: 7 May 2026 | J16: 25.436446,89.777963 | K16: মোঃ আলমগীর হোসেন | L16: 01935305296 | M16: মোঃ শাখাওয়াত হোসেন | N16: 1743668680 | R16: ফলদ | S16: মনিটরিং অফিসার খালি
A17: 13 | B17: দলদলিয়া | D17: দলদলিয়া | E17: উলিপুর | F17: কুড়িগ্রাম | G17: থাই পেয়ারা (ফলদ) × 85 | H17: 85 | I17: 11 May 2026 | J17: 25.719195,89.552201 | K17: মোঃ নবিউল ইসলাম | L17: 01714925452 | M17: মোঃ শাহ আলম | N17: 1740147853 | R17: ফলদ | S17: মনিটরিং অফিসার খালি
A18: 14 | B18: ধামশ্রেণী | D18: ধামশ্রেণী | E18: উলিপুর | F18: কুড়িগ্রাম | G18: বারি মাল্টা-১ (ফলদ) × 60 | H18: 60 | I18: 16 May 2026 | J18: 25.656067,89.648548 | K18: মোঃ ফজলে কাদীর | L18: 01751373251 | M18: মোঃ গোলজার হোসেন | N18: 1724264812 | R18: ফলদ | S18: মনিটরিং অফিসার খালি
A19: 15 | B19: ধরণীবাড়ী | D19: ধরণীবাড়ী | E19: উলিপুর | F19: কুড়িগ্রাম | G19: লেবু চায়না-৩ (ফলদ) × 220 | H19: 220 | I19: 20 May 2026 | J19: 25.690651,89.61554 | K19: মোঃ মাসুদ رানা | L19: 01731439180 | M19: মোঃ শওকত আলী | N19: 01710050829 | R19: ফলদ | S19: মনিটরিং অফিসার খালি
A20: 16 | B20: তবকপুর | D20: গুনাইগাছ | E20: উলিপুর | F20: কুড়িগ্রাম | G20: বারি আম-4 (ফলদ) × 33 | H20: 33 | I20: 18 May 2026 | J20: 25.642387,89.617095 | K20: মোছাঃ শামীম আক্তার আমিন | L20: 01794664933 | M20: মোঃ শওকত আলী | N20: 01710050829 | R20: ফলদ | S20: মনিটরিং অফিসার খালি
... A40: 36 | B40: চাকিরপশার | D40: চাকিরপশার | E40: রাজারহাট | F40: কুড়িগ্রাম | G40: লেবু সিডরেস (ফলদ) × 220 | H40: 220 | I40: 12 Jun 2026 | J40: 25.7915,89.5412 | K40: মো: দুলাল মিয়া | L40: 01724591382 | M40: মোঃ আমজাদ হোসেন | N40: 01718253491 | R40: ফলদ | S40: মনিটরিং অফিসার খালি
A41: 37 | B41: বেলগাছা | D41: মোগলবাসা | E41: কুড়িগ্রাম সদর | F41: কুড়িগ্রাম | G41: আম (ফলদ) × 30 | H41: 30 | I41: 26 Jun 2026 | J41: 25.802833,89.638069 | K41: মোঃ আখতার হোসেন | L41: 01794829595 | M41: মাহফুজ আহমেদ | O41: মোঃ সারওয়ার হোসেন | P41: 01737358851 | R41: ফলদ
A42: 38 | B42: বেলগাছা | D42: মোগলবাসা | E42: কুড়িগ্রাম সদর | F42: কুড়িগ্রাম | G42: আম (ফলদ) × 5 | H42: 5 | I42: 9 Jul 2026 | J42: 25.802903,89.637888 | K42: মনু মিয়া | L42: 01748485819 | M42: নজরুল ইসলাম | N42: 01765856589 | O42: দিপক দেব নাথ | P42: 01738385819 | R42: ফলদ
A43: 39 | B43: বেলগাছা | D43: মোগলবাসা | E43: কুড়িগ্রাম সদর | F43: কুড়িগ্রাম | G43: আম (ফলদ) × 1 | H43: 5 | I43: 8 Jul 2026 | J43: 25.802876,89.638004 | K43: গনেশ | L43: 01979183491 | M43: মোছাঃ সোহানা খাতুন | N43: 01310582141 | O43: MD. MAIDUL HASAN | P43: 01723183491 | R43: ফলদ
A44: 40 | B44: বেলগাছা | D44: মোগলবাসা | E44: কুড়িগ্রাম সদর | F44: কুড়িগ্রাম | G44: আম (ফলদ) × 33 | H44: 33 | I44: 4 Jul 2026 | J44: 25.802889,89.638051 | K44: মো: আতাউর | L44: 01710050829 | O44: মোছা: আফরোজা পারভীন রিফা | P44: 01784143269 | R44: ফলদ
A45: 41 | B45: বেলগাছা | D45: মোগলবাসা | E45: কুড়িগ্রাম সদর | F45: কুড়িগ্রাম | G45: আম (ফলদ) × 1 | H45: 5 | I45: 9 Jul 2026 | J45: 25.802832,89.638074 | K45: মোখলেসুর রহমান | L45: 01703450989 | M45: মাহফুজর রহমান | N45: 01796786131 | O45: মোঃ মনিরুজ্জামান | P45: 01736576367 | R45: ফলদ
A46: 42 | B46: বেলগাছা | D46: মোগলবাসা | E46: কুড়িগ্রাম সদর | F46: কুড়িগ্রাম | G46: জাম (ফলদ) × 30 | H46: 30 | J46: 25.802449,89.637573 | K46: লাভলু | L46: 01722677811 | O46: মোঃ ফিরোজ হোসেন | P46: 01758772809 | R46: ফলদ | S46: রোপণের তারিখ খালি
A47: 43 | B47: বেলগাছা | D47: মোগলবাসা | E47: কুড়িগ্রাম সদর | F47: কুড়িগ্রাম | G47: আম (ফলদ) × 1 | H47: 5 | I47: 2 Jul 2026 | J47: 25.803479,89.637668 | K47: আবুল | L47: 01725505536 | M47: রাসেল | O47: হৈমন্তী রানী | P47: 01745506522 | R47: ফলদ
A48: 44 | B48: বেলগাছা | D48: মোগলবাসা | E48: কুড়িগ্রাম সদর | F48: কুড়িগ্রাম | G48: আম (ফলদ) × 1 | H48: 1 | I48: 9 Jul 2026 | J48: 25.803489,89.637743 | K48: জয়ন্তী রানী | L48: 01737665332 | M48: মো: নূর আলম | N48: 01737665332 | O48: দিপু রায | P48: 01737665331 | R48: ফলদ
A49: 45 | B49: বেলগাছা | D49: মোগলবাসা | E49: কুড়িগ্রাম সদর | F49: কুড়িগ্রাম | G49: লেবু (ফলদ) × 2 | H49: 5 | I49: 2 Jul 2026 | J49: 25.802847,89.638053 | K49: ওসমান গনি | L49: 01733452846 | M49: আসাদুজ্জামান | N49: 01738227622 | O49: মো: আব্দুল্লাহ আল মামুন | P49: 01710474405 | R49: ফলদ
A50: 46 | B50: বেলগাছা | D50: মোগলবাসা | E50: কুড়িগ্রাম সদর | F50: কুড়িগ্রাম | G50: আম (ফলদ) × 5 | H50: 5 | I50: 7 Jul 2026 | J50: 25.802921,89.637911 | K50: নবিউল | L50: 01741457151 | M50: শওকত আলী | N50: 01374147151 | O50: মোছাঃ খালেদা খাতুন | P50: 01334031177 | R50: ফলদ
A51: 47 | B51: বেলগাছা | D51: মোগলবাসা | E51: কুড়িগ্রাম সদর | F51: কুড়িগ্রাম | G51: আম (ফলদ) × 5 | H51: 5 | I51: 1 Jul 2026 | J51: 25.802882,89.637927 | K51: মোঃ সারওয়ার হোসেন | L51: 01737358851 | O51: মোঃ৷ সারওয়ার হোসেন | P51: 01737358851 | R51: ফলদ
A52: 48 | B52: রাজিবপুর | D52: রাজিবপুর | E52: চর রাজিবপুর | F52: কুড়িগ্রাম | G52: নারিকেল (ফলদ) × 5 | H52: 5 | I52: 12 Jul 2026 | J52: 22.791749,89.462178 | K52: বাবলু বিশ্বাস | L52: 01715849869 | M52: শেখ আবু হুরায়রা | N52: 01925427257 | R52: ফলদ | S52: মনিটরিং অফিসার খালি
A53: 49 | B53: রাজিবপুর | D53: রাজিবপুর | E53: চর রাজিবপুর | F53: কুড়িগ্রাম | G53: নারিকেল (ফলদ) × 5 | H53: 5 | I53: 12 Jul 2026 | J53: 22.792484,89.462916 | K53: অনুপ তরফদার | L53: 01944819402 | M53: শেখ আবু হুরায়রা | N53: 01925427257 | R53: ফলদ | S53: মনিটরিং অফিসার খালি
A54: 50 | B54: রাজিবপুর | D54: রাজিবপুর | E54: চর রাজিবপুর | F54: কুড়িগ্রাম | G54: আম, কাঠাল, নিম, জলপাই ও মেহগনি (ফলদ, বনজ) × 5 | H54: 5 | J54: 25.46272,89.80184 | K54: মোঃ জাহিদুল ইসলাম | L54: ১৯৫৪২৭৮৭৫৮ | M54: মোঃ নজরুল ইসলাম | N54: ১৯১৭১৮৬৬৮৫ | O54: দিপক দেব নাথ | P54: 01738385819 | R54: মিশ্র প্যাকেজ | S54: রোপণের তারিখ খালি
A55: 51 | B55: রাজিবপুর | D55: রাজিবপুর | E55: চর রাজিবপুর | F55: কুড়িগ্রাম | G55: আম, কাঠাল, নিম, জলপাই ও মেহগনি (ফলদ, বনজ) × 5 | H55: 5 | J55: 25.4597,89.80306 | K55: মোঃ আশরাফুল ইসলাম | L55: ০১৯৩৪৯২৯৫৩৩ | M55: মোঃ নজরুল ইসলাম | N55: ১৯১৭১৮৬৬৮৫ | O55: দিপক দেব নাথ | P55: 01738385819 | R55: মিশ্র প্যাকেজ | S55: রোপণের তারিখ খালি
A56: 52 | B56: রাজিবপুর | D56: রাজিবপুর | E56: চর রাজিবপুর | F56: কুড়িগ্রাম | G56: আম, কাঠাল, নিম, জলপাই ও মেহগনি (ফলদ, বনজ) × 5 | H56: 5 | J56: 25.46249,89.80164 | K56: মোঃ গোলাম মোস্তফা | L56: ০১৯৮৯৮৩৫৬৯১ | M56: মোঃ নজরুল ইসলাম | N56: ১৯১৭১৮৬৬৮৫ | O56: দিপক দেব নাথ | P56: 01738385819 | R56: মিশ্র প্যাকেজ | S56: রোপণের তারিখ খালি
A57: 53 | B57: রাজিবপুর | D57: রাজিবপুর | E57: চর রাজিবপুর | F57: কুড়িগ্রাম | G57: আম, কাঠাল, নিম, জলপাই ও মেহগনি (ফলদ, বনজ) × 5 | H57: 5 | J57: 25.4616,89.8001 | K57: মোঃ ইব্রাহীম মিয়া | L57: ০১৯১৯৪৩০০৩১ | M57: মোঃ নজরুল ইসলাম | N57: ১৯১৭১৮৬৬৮৫ | O57: দিপক দেব নাথ | P57: 01738385819 | R57: মিশ্র প্যাকেজ | S57: রোপণের তারিখ খালি
A58: 54 | B58: রাজিবপুর | D58: রাজিবপুর | E58: চর রাজিবপুর | F58: কুড়িগ্রাম | G58: আম, কাঠাল, নিম, জলপাই ও মেহগনি (ফলদ, বনজ) × 5 | H58: 5 | J58: 25.45859,89.80315 | K58: মোঃ হাবিবুর রহমান | L58: ০১৯৩৪৯২৮৭০৮ | M58: মোঃ নজরুল ইসলাম | N58: ১৯১৭১৮৬৬৮৫ | O58: দিপক দেব নাথ | P58: 01738385819 | R58: মিশ্র প্যাকেজ | S58: রোপণের তারিখ খালি
A59: 55 | B59: রাজিবপুর | D59: রাজিবপুর | E59: চর রাজিবপুর | F59: কুড়িগ্রাম | G59: আম, কাঠাল, নিম, জলপাই ও মেহগনি (ফলদ, বনজ) × 5 | H59: 5 | J59: 25.46175,89.80015 | K59: মোঃ ইয়াছিন আলী | L59: ০১৭২৬৭৬০১৪৪ | M59: মোঃ নজরুল ইসলাম | N59: ১৯১৭১৮৬৬৮৫ | O59: দিপক দেব নাথ | P59: 1738385819 | R59: মিশ্র প্যাকেজ | S59: রোপণের তারিখ খালি
A60: 56 | B60: রাজিবপুর | D60: রাজিবপুর | E60: চর রাজিবপুর | F60: কুড়িগ্রাম | G60: আম, কাঠাল, নিম, জলপাই ও মেহগনি (ফলদ, বনজ) × 5 | H60: 5 | J60: 25.4626,89.8012 | K60: মোঃ শাহাদত হোসেন | L60: ০১৯১৯৪৩০০৩১ | M60: মোঃ নজরুল ইসলাম | N60: ১৯১৭১৮৬৬৮৫ | O60: দিপক দেব নাথ | P60: 1738385819 | R60: মিশ্র প্যাকেজ | S60: রোপণের তারিখ খালি
A61: 57 | B61: রাজিবপুর | D61: রাজিবপুর | E61: চর রাজিবপুর | F61: কুড়িগ্রাম | G61: আম, কাঠাল, নিম, জলপাই ও মেহগনি (ফলদ, বনজ) × 5 | H61: 5 | J61: 25.44285,89.78961 | K61: মোঃ আঃ ছাত্তার | L61: ০১৬১৪৯৮৬৬০৬ | M61: মোঃ নজরুল ইসলাম | N61: ১৯১৭১৮৬৬৮৫ | O61: দিপক দেব নাথ | P61: 1738385819 | R61: মিশ্র প্যাকেজ | S61: রোপণের তারিখ খালি
A62: 58 | B62: রাজিবপুর | D62: রাজিবপুর | E62: চর রাজিবপুর | F62: কুড়িগ্রাম | G62: আম, কাঠাল, নিম, জলপাই ও মেহগনি (ফলদ, বনজ) × 5 | H62: 5 | J62: 25.46239,89.80166 | K62: মোঃ সিরাজুল ইসলাম | L62: ০১৯৩০৩৯০৪৪২ | M62: মোঃ নজরুল ইসলাম | N62: ১৯১৭১৮৬৬৮৫ | O62: দিপক দেব নাথ | P62: 1738385819 | R62: মিশ্র প্যাকেজ | S62: রোপণের তারিখ খালি
A63: 59 | B63: কোদালকাটি | D63: কোদালকাটি | E63: চর রাজিবপুর | F63: কুড়িগ্রাম | G63: আম, কাঠাল, নিম, জলপাই ও মেহগনি (ফলদ, বনজ) × 5 | H63: 5 | J63: 25.46215,89.80161 | K63: মোঃ ছয়নুদ্দিন | L63: ০১৯৪৩০৭১৯২২ | M63: মোঃ নজরুল ইসলাম | N63: ১৯১৭১৮৬৬৮৫ | O63: দিপক দেব নাথ | P63: 1738385819 | R63: মিশ্র প্যাকেজ | S63: রোপণের তারিখ খালি
A64: 60 | B64: কোদালকাটি | D64: কোদালকাটি | E64: চর রাজিবপুর | F64: কুড়িগ্রাম | G64: আম, কাঠাল, নিম, জলপাই ও মেহগনি (ফলদ, বনজ) × 5 | H64: 5 | J64: 25.44121,89.78539 | K64: মোছাঃ সুলতানা পারভীন | L64: ০১৯৮৯৩৩৯৫৭৬ | M64: মোঃ নজরুল ইসলাম | N64: ১৯১৭১৮৬৬৮৫ | O64: দিপক দেব নাথ | P64: 1738385819 | R64: মিশ্র প্যাকেজ | S64: রোপণের তারিখ খালি
A65: 61 | B65: কোদালকাটি | D65: কোদালকাটি | E65: চর রাজিবপুর | F65: কুড়িগ্রাম | G65: আম, কাঠাল, নিম, জলপাই ও মেহগনি (ফলদ, বনজ) × 5 | H65: 5 | J65: 25.44401,89.78675 | K65: মোঃ ছরোয়ার হোসেন | L65: ০১৯০৩১২৪৮৮১ | M65: মোঃ নজরুল ইসলাম | N65: ১৯১৭১৮৬৬৮৫ | O65: দিপক দেব নাথ | P65: 1738385819 | R65: মিশ্র প্যাকেজ | S65: রোপণের তারিখ খালি
... A162: 160 | B162: কোদালকাটি | D162: কোদালকাটি | E162: চর রাজিবপুর | F162: কুড়িগ্রাম | G162: আম, কাঠাল, নিম, জলপাই ও মেহগনি (ফলদ, বনজ) × 5 | H162: 5 | J162: 25.42482,89.76615 | K162: মোছাঃ আসমাউল হুসনা | L162: ০১৭০৫১০৫৩৪৬ | M162: মোছাঃ দিলশাদ জাহান | N162: ০১৯৩৭৩৭১৬০৪ | O162: দিপক দেব নাথ | P162: 01738385819 | R162: মিশ্র প্যাকেজ | S162: রোপণের তারিখ খালি
A163: 161 | B163: Invalid Latitude range | F163: কুড়িগ্রাম | G163: আম, কাঠাল, নিম, জলপাই ও মেহগনি (ফলদ, বনজ) × 5 | H163: 5 | J163: 25.42489,89.76602 | K163: মোঃ সিরাজ উদ্দৌল্লা | L163: ০১৭০৬১০৫৩৪৬ | M163: মোঃ আতোয়ার হোসেন | N163: ০১৭১০৮২৫৬২৩ | O163: দিপক দেব নাথ | P163: 01738385819 | R163: মিশ্র প্যাকেজ | S163: উপজেলা খালি; রোপণের তারিখ খালি
A164: 162 | B164: কোদালকাটি | D164: কোদালকাটি | E164: চর রাজিবপুর | F164: কুড়িগ্রাম | G164: আম, কাঠাল, নিম, জলপাই ও মেহগনি (ফলদ, বনজ) × 5 | H164: 5 | J164: 25.4275,89.76555 | K164: মোঃ মেহের চান | L164: ০১৯১৭৬৮৩৯৫ | M164: মোঃ আতোয়ার হোসেন | N164: ০১৭১০৮২৫৬২৩ | O164: দিপক দেব নাথ | P164: 01738385819 | R164: মিশ্র প্যাকেজ | S164: রোপণের তারিখ খালি
A165: 163 | B165: কোদালকাটি | D165: কোদালকাটি | E165: চর রাজিবপুর | F165: কুড়িগ্রাম | G165: আম, কাঠাল, নিম, জলপাই ও মেহগনি (ফলদ, বনজ) × 5 | H165: 5 | J165: 25.42747,89.7655 | K165: মোঃ মাইদুল ইসলাম | L165: ০১৯১৭৬৮৩০৯৫ | M165: মোঃ আতোয়ার হোসেন | N165: ০১৭১০৮২৫৬২৩ | O165: দিপক দেব নাথ | P165: 01738385819 | R165: মিশ্র প্যাকেজ | S165: রোপণের তারিখ খালি
A166: 164 | B166: কোদালকাটি | D166: কোদালকাটি | E166: চর রাজিবপুর | F166: কুড়িগ্রাম | G166: আম, কাঠাল, নিম, জলপাই ও মেহগনি (ফলদ, বনজ) × 5 | H166: 5 | J166: 25.42533,89.76436 | K166: মোঃ রবিউল ইসলাম | L166: ০১৬০৮০৯৯২৮৭ | M166: মোঃ আতোয়ার হোসেন | N166: ০১৭১০৮২৫৬২৩ | O166: দিপক দেব নাথ | P166: 01738385819 | R166: মিশ্র প্যাকেজ | S166: রোপণের তারিখ খালি
A167: 165 | B167: কোদালকাটি | D167: কোদালকাটি | E167: চর রাজিবপুর | F167: কুড়িগ্রাম | G167: আম, কাঠাল, নিম, জলপাই ও মেহগনি (ফলদ, বনজ) × 5 | H167: 5 | J167: 25.42502,89.76367 | K167: মোছাঃ রুপালী বেগম | L167: ০১৬০৮০৯৯২৮০ | M167: মোঃ আতোয়ার হোসেন | N167: ০১৭১০৮২৫৬২৩ | O167: দিপক দেব নাথ | P167: 01738385819 | R167: মিশ্র প্যাকেজ | S167: রোপণের তারিখ খালি
A168: 166 | B168: কোদালকাটি | D168: কোদালকাটি | E168: চর রাজিবপুর | F168: কুড়িগ্রাম | G168: আম, কাঠাল, নিম, জলপাই ও মেহগনি (ফলদ, বনজ) × 5 | H168: 5 | J168: 25.42606,89.76383 | K168: মোছাঃ মনির মিয়া | L168: ০১৮৫৯৭৯৩৮৩১ | M168: মোঃ আতোয়ার হোসেন | N168: ০১৭১০৮২৫৬২৩ | O168: দিপক দেব নাথ | P168: 01738385819 | R168: মিশ্র প্যাকেজ | S168: রোপণের তারিখ খালি
A169: 168 | B169: কোদালকাটি | D169: কোদালকাটি | E169: চর রাজিবপুর | F169: কুড়িগ্রাম | G169: আম, কাঠাল, নিম, জলপাই ও মেহগনি (ফলদ, বনজ) × 5 | H169: 5 | J169: 25.403302,89.736597 | K169: মোঃ শাবলু মিয়া | L169: ০১৩২২১৪৮৩২২ | M169: মোঃ আতোয়ার হোসেন | N169: ০১৭১০৮২৫৬২৩ | O169: দিপক দেব নাথ | P169: 01738385819 | R169: মিশ্র প্যাকেজ | S169: রোপণের তারিখ খালি
A170: 169 | B170: কোদালকাটি | D170: কোদালকাটি | E170: চর রাজিবপুর | F170: কুড়িগ্রাম | G170: আম, কাঠাল, নিম, জলপাই ও মেহগনি (ফলদ, বনজ) × 5 | H170: 5 | J170: 25.403302,89.736597 | K170: মোঃ আয়নাল হক | L170: ০১৮৭৪৫৮২৫৩৪ | M170: মোঃ আতোয়ার হোসেন | N170: ০১৭১০৮২৫৬২৩ | O170: দিপক দেব নাথ | P170: 01738385819 | R170: মিশ্র প্যাকেজ | S170: রোপণের তারিখ খালি
A171: 170 | B171: কোদালকাটি | D171: কোদালকাটি | E171: চর রাজিবপুর | F171: কুড়িগ্রাম | G171: আম, কাঠাল, নিম, জলপাই ও মেহগনি (ফলদ, বনজ) × 5 | H171: 5 | J171: 25.4249,89.77169 | K171: মোছাঃ নুরুন্নাহার বেগম | L171: ০১৯৯৭৪৩৭৪৪২ | M171: মোঃ আতোয়ার হোসেন | N171: ০১৭১০৮২৫৬২৩ | O171: দিপক দেব নাথ | P171: 01738385819 | R171: মিশ্র প্যাকেজ | S171: রোপণের তারিখ খালি
A172: 171 | B172: কোদালকাটি | D172: কোদালকাটি | E172: চর রাজিবপুর | F172: কুড়িগ্রাম | G172: আম, কাঠাল, নিম, জলপাই ও মেহগনি (ফলদ, বনজ) × 5 | H172: 5 | J172: 25.42515,89.77137 | K172: মোছাঃ নাছিমা খাতুন | L172: ০১৮১০৭০৭৬২৬ | M172: মোঃ আতোয়ার হোসেন | N172: ০১৭১০৮২৫৬২৩ | O172: দিপক দেব নাথ | P172: 01738385819 | R172: মিশ্র প্যাকেজ | S172: রোপণের তারিখ খালি
A173: 172 | B173: কোদালকাটি | D173: কোদালকাটি | E173: চর রাজিবপুর | F173: কুড়িগ্রাম | G173: আম, কাঠাল, নিম, জলপাই ও মেহগনি (ফলদ, বনজ) × 5 | H173: 5 | J173: 25.42481,89.77102 | K173: মোঃ আব্দুল আজিজ | L173: ০১৬১০৩২৯১৫৪ | M173: মোঃ আতোয়ার হোসেন | N173: ০১৭১০৮২৫৬২৩ | O173: দিপক দেব নাথ | P173: 01738385819 | R173: মিশ্র প্যাকেজ | S173: রোপণের তারিখ খালি
A174: 173 | B174: কোদালকাটি | D174: কোদালকাটি | E174: চর রাজিবপুর | F174: কুড়িগ্রাম | G174: আম, কাঠাল, নিম, জলপাই ও মেহগনি (ফলদ, বনজ) × 5 | H174: 5 | J174: 25.4285,89.77186 | K174: মোঃ মতিউর রহমান | L174: ০১৯৩৭১৭৭৯৫২ | M174: মোঃ আতোয়ার হোসেন | N174: ০১৭১০৮২৫৬২৩ | O174: দিপক দেব নাথ | P174: 01738385819 | R174: মিশ্র প্যাকেজ | S174: রোপণের তারিখ খালি
A175: 174 | B175: কোদালকাটি | D175: কোদালকাটি | E175: চর রাজিবপুর | F175: কুড়িগ্রাম | G175: আম, কাঠাল, নিম, জলপাই ও মেহগনি (ফলদ, বনজ) × 5 | H175: 5 | J175: 25.42492,89.77183 | K175: মোঃ মিজানুর রহমান | L175: ০১৯১৩৮৪৫২৫৩ | M175: মোঃ আতোয়ার হোসেন | N175: ০১৭১০৮২৫৬২৩ | O175: দিপক দেব নাথ | P175: 01738385819 | R175: মিশ্র প্যাকেজ | S175: রোপণের তারিখ খালি
... A179: 178 | B179: কোদালকাটি | D179: কোদালকাটি | E179: চর রাজিবপুর | F179: কুড়িগ্রাম | G179: আম, কাঠাল, নিম, জলপাই ও মেহগনি (ফলদ, বনজ) × 5 | H179: 5 | J179: 25.46319,89.77541 | K179: মোঃ ফুল মিয়া | L179: ০১৮০৬০৪৮৯৯৯ | M179: মোঃ শফিকুল ইসলাম | N179: ০১৯২৪৬৯২০৭৫ | O179: দিপক দেব নাথ | P179: 01738385819 | R179: মিশ্র প্যাকেজ | S179: রোপণের তারিখ খালি
A180: 179 | B180: Invalid Latitude range | F180: কুড়িগ্রাম | G180: আম, কাঠাল, নিম, জলপাই ও মেহগনি (ফলদ, বনজ) × 5 | H180: 5 | J180: 25.46288,89.77583 | K180: মোঃ এমদাদুল হক | L180: ০১৬৪১৩৫৬৭৮৬ | M180: মোঃ শফিকুল ইসলাম | N180: ০১৯২৪৬৯২০৭৫ | O180: দিপক দেব নাথ | P180: 01738385819 | R180: মিশ্র প্যাকেজ | S180: উপজেলা খালি; রোপণের তারিখ খালি
A181: 180 | B181: Chor Sajai MandalPara Bridge ( চর সাজাই মন্ডল পাড়া ব্রিজ ) | D181: কোদালকাটি | E181: চর রাজিবপুর | F181: কুড়িগ্রাম | G181: আম, কাঠাল, নিম, জলপাই ও মেহগনি (ফলদ, বনজ) × 5 | H181: 5 | J181: 25.46053,89.77564 | K181: মোঃ হানিফ আলী | L181: ০১৮৫৮৮৮১৮৬৭ | M181: মোঃ শফিকুল ইসলাম | N181: ০১৯২৪৬৯২০৭৫ | O181: দিপক দেব নাথ | P181: 01738385819 | R181: মিশ্র প্যাকেজ | S181: রোপণের তারিখ খালি
A182: 181 | B182: Address not found | F182: কুড়িগ্রাম | G182: আম, কাঠাল, নিম, জলপাই ও মেহগনি (ফলদ, বনজ) × 5 | H182: 5 | J182: 25.46114,89.77571 | K182: মোঃ হাবিবুর রহমান | L182: ০১৮২৩২৯৮৮৩২ | M182: মোঃ শফিকুল ইসলাম | N182: ০১৯২৪৬৯২০৭৫ | O182: দিপক দেব নাথ | P182: 01738385819 | R182: মিশ্র প্যাকেজ | S182: উপজেলা খালি; রোপণের তারিখ খালি
A183: 182 | B183: Chor Sajai MandalPara Bridge ( চর সাজাই মন্ডল পাড়া ব্রিজ ) | D183: কোদালকাটি | E183: চর রাজিবপুর | F183: কুড়িগ্রাম | G183: আম, কাঠাল, নিম, জলপাই ও মেহগনি (ফলদ, বনজ) × 5 | H183: 5 | J183: 25.45605,89.7765 | K183: মোঃ আবুল হোসেন | L183: ০১৬০৯২২১৭৩০ | M183: মোঃ শফিকুল ইসলাম | N183: ০১৯২৪৬৯২০৭৫ | O183: দিপক দেব নাথ | P183: 01738385819 | R183: মিশ্র প্যাকেজ | S183: রোপণের তারিখ খালি
A184: 183 | B184: কোদালকাটি | D184: কোদালকাটি | E184: চর রাজিবপুর | F184: কুড়িগ্রাম | G184: আম, কাঠাল, নিম, জলপাই ও মেহগনি (ফলদ, বনজ) × 5 | H184: 5 | J184: 25.46129,89.77545 | K184: মোঃ আশরাফ আলী | L184: ০১৬১১৩৬৫১৫৫ | M184: মোঃ শফিকুল ইসলাম | N184: ০১৯২৪৬৯২০৭৫ | O184: দিপক দেব নাথ | P184: 01738385819 | R184: মিশ্র প্যাকেজ | S184: রোপণের তারিখ খালি
A185: 184 | B185: ⵖⴰⵜ غات Ghat | F185: কুড়িগ্রাম | G185: আম, কাঠাল, নিম, জলপাই ও মেহগনি (ফলদ, বনজ) × 5 | H185: 5 | J185: 25.47209,89.77721 | K185: মোঃ সাইফুল ইসলাম | L185: ০১৯৬৯৫৯৬০৪৬ | M185: মোঃ শফিকুল ইসলাম | N185: ০১৯২৪৬৯২০৭৫ | O185: দিপক দেব নাথ | P185: 01738385819 | R185: মিশ্র প্যাকেজ | S185: উপজেলা খালি; রোপণের তারিখ খালি
A186: 185 | B186: Chor Sajai MandalPara Bridge ( চর সাজাই মন্ডল পাড়া ব্রিজ ) | D186: কোদালকাটি | E186: চর রাজিবপুর | F186: কুড়িগ্রাম | G186: আম, কাঠাল, নিম, জলপাই ও মেহগনি (ফলদ, বনজ) × 5 | H186: 5 | J186: 25.45789,89.76852 | K186: মোঃ ইকবাল হোসেন | L186: ০১৯৫৯৫৮৮৫৫৭ | M186: মোঃ শফিকুল ইসলাম | N186: ০১৯২৪৬৯২০৭৫ | O186: দিপক দেব নাথ | P186: 01738385819 | R186: মিশ্র প্যাকেজ | S186: রোপণের তারিখ খালি
A187: 186 | B187: কোদালকাটি | D187: কোদালকাটি | E187: চর রাজিবপুর | F187: কুড়িগ্রাম | G187: আম, কাঠাল, নিম, জলপাই ও মেহগনি (ফলদ, বনজ) × 5 | H187: 5 | J187: 25.45807,89.767 | K187: মোঃ শুক্কুর আলী | L187: ০১৯১৮৭৫৩২২০ | M187: মোঃ শফিকুল ইসলাম | N187: ০১৯২৪৬৯২০৭৫ | O187: দিপক দেব নাথ | P187: 01738385819 | R187: মিশ্র প্যাকেজ | S187: রোপণের তারিখ খালি
A188: 187 | B188: কোদালকাটি | D188: কোদালকাটি | E188: চর রাজিবপুর | F188: কুড়িগ্রাম | G188: আম, কাঠাল, নিম, জলপাই ও মেহগনি (ফলদ, বনজ) × 5 | H188: 5 | J188: 25.45833,89.7761 | K188: মোঃ জয়েন উদ্দিন | L188: ০১৯৩১৮২৬৬৬৪ | M188: মোঃ শফিকুল ইসলাম | N188: ০১৯২৪৬৯২০৭৫ | O188: দিপক দেব নাথ | P188: 01738385819 | R188: মিশ্র প্যাকেজ | S188: রোপণের তারিখ খালি
A189: 188 | B189: কোদালকাটি | D189: কোদালকাটি | E189: চর রাজিবপুর | F189: কুড়িগ্রাম | G189: আম, কাঠাল, নিম, জলপাই ও মেহগনি (ফলদ, বনজ) × 5 | H189: 5 | J189: 25.45583,89.76702 | K189: মোঃ জোসন আলী | L189: =#N/A -> #N/A | M189: মোঃ শফিকুল ইসলাম | N189: ০১৯২৪৬৯২০৭৫ | O189: দিপক দেব নাথ | P189: 01738385819 | R189: মিশ্র প্যাকেজ | S189: রোপণের তারিখ খালি
A190: 189 | B190: Chor Sajai MandalPara Bridge ( চর সাজাই মন্ডল পাড়া ব্রিজ ) | D190: কোদালকাটি | E190: চর রাজিবপুর | F190: কুড়িগ্রাম | G190: আম, কাঠাল, নিম, জলপাই ও মেহগনি (ফলদ, বনজ) × 5 | H190: 5 | J190: 25.45522,89.76677 | K190: মোঃ আঃ মজিদ | L190: ০১৯১৮৪৮২১৯১৪৮ | M190: মোঃ শফিকুল ইসলাম | N190: ০১৯২৪৬৯২০৭৫ | O190: দিপক দেব নাথ | P190: 01738385819 | R190: মিশ্র প্যাকেজ | S190: রোপণের তারিখ খালি
A191: 190 | B191: কোদালকাটি | D191: কোদালকাটি | E191: চর রাজিবপুর | F191: কুড়িগ্রাম | G191: আম, কাঠাল, নিম, জলপাই ও মেহগনি (ফলদ, বনজ) × 5 | H191: 5 | J191: 25.47167,89.77596 | K191: মোঃ হারুন মিয়া | L191: ০১৬২৭০৪১৩১০ | M191: মোঃ শফিকুল ইসলাম | N191: ০১৯২৪৬৯২০৭৫ | O191: দিপক দেব নাথ | P191: 01738385819 | R191: মিশ্র প্যাকেজ | S191: রোপণের তারিখ খালি
A192: 191 | B192: কোদালকাটি | D192: কোদালকাটি | E192: চর রাজিবপুর | F192: কুড়িগ্রাম | G192: আম, কাঠাল, নিম, জলপাই ও মেহগনি (ফলদ, বনজ) × 5 | H192: 5 | J192: 25.45636,89.77661 | K192: মোছাঃ আনোয়ারা খাতুন | L192: ০১৬০৯৮৬০২৫ | M192: মোঃ শফিকুল ইসলাম | N192: ০১৯২৪৬৯২০৭৫ | O192: দিপক দেব নাথ | P192: 01738385819 | R192: মিশ্র প্যাকেজ | S192: রোপণের তারিখ খালি
A193: 192 | B193: কোদালকাটি | D193: কোদালকাটি | E193: চর রাজিবপুর | F193: কুড়িগ্রাম | G193: আম, কাঠাল, নিম, জলপাই ও মেহগনি (ফলদ, বনজ) × 5 | H193: 5 | J193: 25.463031,89.77541 | K193: মোঃ আঃ আজিজ | L193: ০১৮৫৮৮৮১৮৬৭ | M193: মোঃ শফিকুল ইসলাম | N193: ০১৯২৪৬৯২০৭৫ | O193: দিপক দেব নাথ | P193: 01738385819 | R193: মিশ্র প্যাকেজ | S193: রোপণের তারিখ খালি
A194: 193 | B194: রাজিবপুর | D194: রাজিবপুর | E194: চর রাজিবপুর | F194: কুড়িগ্রাম | G194: আম, কাঠাল, নিম, জলপাই ও মেহগনি (ফলদ, বনজ) × 5 | H194: 5 | J194: 25.46978,89.77595 | K194: মোঃ আছর উদ্দিন | L194: ০১৫৮০৪৭৩৯৭৭ | M194: মোঃ শফিকুল ইসলাম | N194: ০১৯২৪৬৯২০৭৫ | O194: দিপক দেব নাথ | P194: 01738385819 | R194: মিশ্র প্যাকেজ | S194: রোপণের তারিখ খালি
A195: 194 | B195: রাজিবপুর | D195: রাজিবপুর | E195: চর রাজিবপুর | F195: কুড়িগ্রাম | G195: আম, কাঠাল, নিম, জলপাই ও মেহগনি (ফলদ, বনজ) × 5 | H195: 5 | J195: 25.46114,89.77571 | K195: মোঃ মশিউর রহমান | L195: ০১৩৬৪৭৭০৪৩ | M195: মোঃ শফিকুল ইসলাম | N195: ০১৯২৪৬৯২০৭৫ | O195: দিপক দেব নাথ | P195: 01738385819 | R195: মিশ্র প্যাকেজ | S195: রোপণের তারিখ খালি
A196: 195 | B196: রাজিবপুর | D196: রাজিবপুর | E196: চর রাজিবপুর | F196: কুড়িগ্রাম | G196: আম, কাঠাল, নিম, জলপাই ও মেহগনি (ফলদ, বনজ) × 5 | H196: 5 | J196: 25.47199,89.77729 | K196: মোছাঃ জহুরা খাতুন | L196: ০১৮৮৯৯৫২০২৩ | M196: মোঃ শফিকুল ইসলাম | N196: ০১৯২৪৬৯২০৭৫ | O196: দিপক দেব নাথ | P196: 01738385819 | R196: মিশ্র প্যাকেজ | S196: রোপণের তারিখ খালি
A197: 196 | B197: রাজিবপুর | D197: রাজিবপুর | E197: চর রাজিবপুর | F197: কুড়িগ্রাম | G197: আম, কাঠাল, নিম, জলপাই ও মেহগনি (ফলদ, বনজ) × 5 | H197: 5 | J197: 2547209,89.77741 | K197: মোছাঃ জেসমিন খাতুন | L197: ০১৯০৪৮৫৯১২০ | M197: মোঃ শফিকুল ইসলাম | N197: ০১৯২৪৬৯২০৭৫ | O197: দিপক দেব নাথ | P197: 01738385819 | R197: মিশ্র প্যাকেজ | S197: জিও-কোঅর্ডিনেট ত্রুটিপূর্ণ; রোপণের তারিখ খালি
A198: 197 | B198: রাজিবপুর | D198: রাজিবপুর | E198: চর রাজিবপুর | F198: কুড়িগ্রাম | G198: আম, কাঠাল, নিম, জলপাই ও মেহগনি (ফলদ, বনজ) × 5 | H198: 5 | J198: 25.46668,89.7619 | K198: মোছাঃ আদর আলী | L198: ০১৯৪২১৭৫৬৫০ | M198: মোঃ শফিকুল ইসলাম | N198: ০১৯২৪৬৯২০৭৫ | O198: দিপক দেব নাথ | P198: 01738385819 | R198: মিশ্র প্যাকেজ | S198: রোপণের তারিখ খালি
A199: 198 | B199: মোহনগঞ্জ | D199: মোহনগঞ্জ | E199: চর রাজিবপুর | F199: কুড়িগ্রাম | G199: আম, কাঠাল, নিম, জলপাই ও মেহগনি (ফলদ, বনজ) × 5 | H199: 5 | J199: 25.45807,89.76712 | K199: মোছাঃ মর্জিনা বেগম | L199: ০১৯৬৯১৬৫৫৬০ | M199: মোঃ শফিকুল ইসলাম | N199: ০১৯২৪৬৯২০৭৫ | O199: দিপক দেব নাথ | P199: 01738385819 | R199: মিশ্র প্যাকেজ | S199: রোপণের তারিখ খালি
A200: 199 | B200: মোহনগঞ্জ | D200: মোহনগঞ্জ | E200: চর রাজিবপুর | F200: কুড়িগ্রাম | G200: আম, কাঠাল, নিম, জলপাই ও মেহগনি (ফলদ, বনজ) × 5 | H200: 5 | J200: 25.45806,89.76861 | K200: মোঃ আলীম | L200: ০১৯২৬২৩৯৮১৪ | M200: মোঃ শফিকুল ইসলাম | N200: ০১৯২৪৬৯২০৭৫ | O200: দিপক দেব নাথ | P200: 01738385819 | R200: মিশ্র প্যাকেজ | S200: রোপণের তারিখ খালি
A201: 200 | B201: মোহনগঞ্জ | D201: মোহনগঞ্জ | E201: চর রাজিবপুর | F201: কুড়িগ্রাম | G201: আম, কাঠাল, নিম, জলপাই ও মেহগনি (ফলদ, বনজ) × 5 | H201: 5 | J201: 25.483434,89.792378 | K201: মোঃ সমের আলী | L201: ০১৭৮৩০২৭৯৫৩ | M201: মোঃ আনোয়ার হোসেন | N201: ০১৭১৮১৬৫৪৯১ | O201: দিপক দেব নাথ | P201: 01738385819 | R201: মিশ্র প্যাকেজ | S201: রোপণের তারিখ খালি
... A214: 213 | B214: রাজিবপুর | D214: রাজিবপুর | E214: চর রাজিবপুর | F214: কুড়িগ্রাম | G214: আম, কাঠাল, নিম, জলপাই ও মেহগনি (ফলদ, বনজ) × 5 | H214: 5 | J214: 25.50766,89.78096 | K214: মোঃ ইনছান আলী | L214: ০১৯০৯০১৯৯০৪ | M214: মোঃ আনোয়ার হোসেন | N214: ০১৭১৮১৬৫৪৯১ | O214: দিপক দেব নাথ | P214: 01738385819 | R214: মিশ্র প্যাকেজ | S214: রোপণের তারিখ খালি
A215: 214 | B215: রাজিবপুর | D215: রাজিবপুর | E215: চর রাজিবপুর | F215: কুড়িগ্রাম | G215: আম, কাঠাল, নিম, জলপাই ও মেহগনি (ফলদ, বনজ) × 5 | H215: 5 | J215: 2550778,89.7821 | K215: মোঃ দুদু মিয়া | L215: =#N/A -> #N/A | M215: মোঃ আনোয়ার হোসেন | N215: ০১৭১৮১৬৫৪৯১ | O215: দিপক দেব নাথ | P215: 01738385819 | R215: মিশ্র প্যাকেজ | S215: জিও-কোঅর্ডিনেট ত্রুটিপূর্ণ; রোপণের তারিখ খালি
A216: 215 | B216: রাজিবপুর | D216: রাজিবপুর | E216: চর রাজিবপুর | F216: কুড়িগ্রাম | G216: আম, কাঠাল, নিম, জলপাই ও মেহগনি (ফলদ, বনজ) × 5 | H216: 5 | J216: 25.50996,89.78164 | K216: মোছাঃ জাহানারা খাতুন | L216: ০১৩৩০২৫৯১২০ | M216: মোঃ আনোয়ার হোসেন | N216: ০১৭১৮১৬৫৪৯১ | O216: দিপক দেব নাথ | P216: 01738385819 | R216: মিশ্র প্যাকেজ | S216: রোপণের তারিখ খালি
A217: 216 | B217: রাজিবপুর | D217: রাজিবপুর | E217: চর রাজিবপুর | F217: কুড়িগ্রাম | G217: আম, কাঠাল, নিম, জলপাই ও মেহগনি (ফলদ, বনজ) × 5 | H217: 5 | J217: 25.50786,8978236 | K217: মোঃ মোবশের আলম | L217: ০১৯২২৯৮১৪৭৬ | M217: মোঃ আনোয়ার হোসেন | N217: ০১৭১৮১৬৫৪৯১ | O217: দিপক দেব নাথ | P217: 01738385819 | R217: মিশ্র প্যাকেজ | S217: জিও-কোঅর্ডিনেট ত্রুটিপূর্ণ; রোপণের তারিখ খালি
A218: 217 | B218: রাজিবপুর | D218: রাজিবপুর | E218: চর রাজিবপুর | F218: কুড়িগ্রাম | G218: আম, কাঠাল, নিম, জলপাই ও মেহগনি (ফলদ, বনজ) × 5 | H218: 5 | J218: 25.51108,89.78194 | K218: মোঃ এবাদুল হক | L218: ০১৯৮৬৫৯১৮১১ | M218: মোঃ আনোয়ার হোসেন | N218: ০১৭১৮১৬৫৪৯১ | O218: দিপক দেব নাথ | P218: 01738385819 | R218: মিশ্র প্যাকেজ | S218: রোপণের তারিখ খালি
A219: 218 | B219: রাজিবপুর | D219: রাজিবপুর | E219: চর রাজিবপুর | F219: কুড়িগ্রাম | G219: আম, কাঠাল, নিম, জলপাই ও মেহগনি (ফলদ, বনজ) × 5 | H219: 5 | J219: 25.51042,89.7836 | K219: মোঃ সবুজ মিয়া | L219: ০১৯৮০১১৮৯৭৯ | M219: মোঃ আনোয়ার হোসেন | N219: ০১৭১৮১৬৫৪৯১ | O219: দিপক দেব নাথ | P219: 01738385819 | R219: মিশ্র প্যাকেজ | S219: রোপণের তারিখ খালি
A220: 219 | B220: রাজিবপুর | D220: রাজিবপুর | E220: চর রাজিবপুর | F220: কুড়িগ্রাম | G220: আম, কাঠাল, নিম, জলপাই ও মেহগনি (ফলদ, বনজ) × 5 | H220: 5 | J220: 25.50683,8978051 | K220: মোঃ উজির আলী | L220: ০১৯৮০১৫১৩১১ | M220: মোঃ আনোয়ার হোসেন | N220: ০১৭১৮১৬৫৪৯১ | O220: দিপক দেব নাথ | P220: 01738385819 | R220: মিশ্র প্যাকেজ | S220: জিও-কোঅর্ডিনেট ত্রুটিপূর্ণ; রোপণের তারিখ খালি
A221: 220 | B221: কোদালকাটি | D221: কোদালকাটি | E221: চর রাজিবপুর | F221: কুড়িগ্রাম | G221: আম, কাঠাল, নিম, জলপাই ও মেহগনি (ফলদ, বনজ) × 5 | H221: 5 | J221: 25.51009,89.78142 | K221: মোঃ কালাম | L221: ০১৩১৯৫৮৪৬৫ | M221: মোঃ আনোয়ার হোসেন | N221: ০১৭১৮১৬৫৪৯১ | O221: দিপক দেব নাথ | P221: 01738385819 | R221: মিশ্র প্যাকেজ | S221: রোপণের তারিখ খালি
A222: 221 | B222: রাজিবপুর | D222: রাজিবপুর | E222: চর রাজিবপুর | F222: কুড়িগ্রাম | G222: আম, কাঠাল, নিম, জলপাই ও মেহগনি (ফলদ, বনজ) × 5 | H222: 5 | J222: 25.50916,89.78147 | K222: মোঃ মর্জিনা খাতুন | L222: ০১৯৩০৫৩২২১১৮ | M222: মোঃ আনোয়ার হোসেন | N222: ০১৭১৮১৬৫৪৯১ | O222: দিপক দেব নাথ | P222: 01738385819 | R222: মিশ্র প্যাকেজ | S222: রোপণের তারিখ খালি
A223: 222 | B223: রাজিবপুর | D223: রাজিবপুর | E223: চর রাজিবপুর | F223: কুড়িগ্রাম | G223: আম, কাঠাল, নিম, জলপাই ও মেহগনি (ফলদ, বনজ) × 5 | H223: 5 | J223: 25.51056,89.7821 | K223: মোছাঃ সাবিনা ইয়াসমিন | L223: ০১৯৯৮২০৩৬০৪ | M223: মোঃ আনোয়ার হোসেন | N223: ০১৭১৮১৬৫৪৯১ | O223: দিপক দেব নাথ | P223: 01738385819 | R223: মিশ্র প্যাকেজ | S223: রোপণের তারিখ খালি
A224: 223 | B224: রৌমারী | D224: রৌমারী | E224: রৌমারী | F224: কুড়িগ্রাম | G224: আম, কাঠাল, নিম, জলপাই ও মেহগনি (ফলদ, বনজ) × 5 | H224: 5 | J224: 25.51016,89.78296 | K224: মোঃ এরশাদুল হক | L224: ০১৯৭৯৯৩৪৮৮৩ | M224: মোঃ আনোয়ার হোসেন | N224: ০১৭১৮১৬৫৪৯১ | O224: দিপক দেব নাথ | P224: 01738385819 | R224: মিশ্র প্যাকেজ | S224: রোপণের তারিখ খালি
A225: 224 | B225: রৌমারী | D225: রৌমারী | E225: রৌমারী | F225: কুড়িগ্রাম | G225: আম, কাঠাল, নিম, জলপাই ও মেহগনি (ফলদ, বনজ) × 5 | H225: 5 | J225: 25.51158,89.78213 | K225: মোঃ তোতা মিয়া | L225: ০১৭৪২৮৮২০৭৯ | M225: মোঃ আনোয়ার হোসেন | N225: ০১৭১৮১৬৫৪৯১ | O225: দিপক দেব নাথ | P225: 01738385819 | R225: মিশ্র প্যাকেজ | S225: রোপণের তারিখ খালি
A226: 225 | B226: রৌমারী | D226: রৌমারী | E226: রৌমারী | F226: কুড়িগ্রাম | G226: আম, কাঠাল, নিম, জলপাই ও মেহগনি (ফলদ, বনজ) × 5 | H226: 5 | J226: 25.50534,89.77894 | K226: মোছাঃ চায়না খাতুন | L226: ০১৭৮০৪৫৮৮৬৪ | M226: মোঃ আনোয়ার হোসেন | N226: ০১৭১৮১৬৫৪৯১ | O226: দিপক দেব নাথ | P226: 01738385819 | R226: মিশ্র প্যাকেজ | S226: রোপণের তারিখ খালি
A227: 226 | B227: রৌমারী | D227: রৌমারী | E227: রৌমারী | F227: কুড়িগ্রাম | G227: আম, কাঠাল, নিম, জলপাই ও মেহগনি (ফলদ, বনজ) × 5 | H227: 5 | J227: 25.484813,89.769911 | K227: মোঃ সিরাজুল ইসলাম | L227: ০১৯৩১৪২১২৫৫ | M227: মোঃ আনোয়ার হোসেন | N227: ০১৭১৮১৬৫৪৯১ | O227: দিপক দেব নাথ | P227: 01738385819 | R227: মিশ্র প্যাকেজ | S227: রোপণের তারিখ খালি
... A294: 296 | B294: চর রাজিবপুর | D294: রাজিবপুর | E294: চর রাজিবপুর | F294: কুড়িগ্রাম | G294: আম, কাঠাল, নিম, জলপাই ও মেহগনি (ফলদ, বনজ) × 5 | H294: 5 | J294: 25.4482,89.82 | K294: মোঃ মাহবুর রহমান | L294: 01929827721 | M294: মোঃ শাখাওয়াত হোসেন | N294: ০১৭৪৩৬৬৮৬৮০ | O294: দিপক দেব নাথ | P294: 01738385819 | R294: মিশ্র প্যাকেজ | S294: রোপণের তারিখ খালি
A295: 299 | B295: জোনাইডাংগা | D295: পৌরসভা | E295: উলিপুর | F295: কুড়িগ্রাম | G295: Neem (ফলদ) × 1, mango (বনজ) × 1 | H295: 5 | I295: 25 Jul 2026 | J295: 25.666545,89.616878 | K295: আবুসুফিয়ান | L295: 01716479217 | M295: শওকত আলী | N295: 01710050829 | O295: মোশাররফ হোসেন | P295: 01710772346 | R295: মিশ্র প্যাকেজ
A296: 300 | B296: ফারাজী পাড়া | D296: তবকপুর | E296: উলিপুর | F296: কুড়িগ্রাম | G296: বেল (ফলদ) × 1, আম (ফলদ) × 2, নিম (ঔষধি) × 1, মেহগনি (ফলদ) × 1 | H296: 5 | I296: 22 Jul 2026 | J296: 89.617888 25.6098536, | K296: মৃদুল মিয়া | L296: 01749973596 | M296: মোঃ রবিউল আলম | N296: 01723097446 | O296: মোঃ মোশাররফ হোসেন | P296: 01710772346 | R296: মিশ্র প্যাকেজ
A297: 301 | B297: সরকার পাড়া | D297: বেগমগঞ্জ | E297: উলিপুর | F297: কুড়িগ্রাম | G297: আম (ফলদ) × 1, নিম (বনজ) × 1, মেহগনি (বনজ) × 1, জাম (ফলদ) × 2 | H297: 5 | I297: 23 Jul 2026 | J297: , | K297: মোঃ শাহালম | L297: 01746830624 | M297: মোঃ সাজেদুল করিম | N297: 01728719582 | R297: মিশ্র প্যাকেজ | S297: জিও-কোঅর্ডিনেট ত্রুটিপূর্ণ; মনিটরিং অফিসার খালি
...
